package_path,class,group,sha256,size,source,sent_package,note,depends_on
.sentimentx_root,kept,marker,e3b0c44298fc1c149afbf4c8996fb92427ae41e4649b934ca495991b7852b855,0,,001,,008
README.md,kept,package_readme,94eafa65df8896258f1f9c7d9bd2550ce27e7fcedbe91cc2e3d0e680d3c15358,9608,handover/README.md,006,,008
data/models/vncorenlp/VnCoreNLP-1.2.jar,kept,data,9e2811cdbc2ddfc71d04be5dc36e185c88dcd1ad4d5d69e4ff2e1369dccf7793,27412703,data/models/vncorenlp/VnCoreNLP-1.2.jar,001,,008
data/models/vncorenlp/models/wordsegmenter/vi-vocab,kept,data,0a47c5b55bbce163029d37730a67b9479740388695c29c106c112b815613eaa5,526544,data/models/vncorenlp/models/wordsegmenter/vi-vocab,001,,008
data/models/vncorenlp/models/wordsegmenter/wordsegmenter.rdr,kept,data,9e62f96bd93e37a24f364238e8d8ae986fa5dad6dbc9f4eae622ab3651b7fa06,128508,data/models/vncorenlp/models/wordsegmenter/wordsegmenter.rdr,001,,008
data/processed/cosmetics-ds0.1.0-pl0.1.0-srccosmetics@0.1.0-e0ccc484/eval_lock.json,kept,data,d46c52ba6adbcf5fcb47c6b2a699e46fdcd849862778277540296adaa4875a0b,257,data/processed/cosmetics-ds0.1.0-pl0.1.0-srccosmetics@0.1.0-e0ccc484/eval_lock.json,001,,008
data/processed/cosmetics-ds0.1.0-pl0.1.0-srccosmetics@0.1.0-e0ccc484/label_map.json,kept,data,84e25dec75027c903d6f1ada386274f1bda826bb29e8a920be22e9ac7473e81a,508,data/processed/cosmetics-ds0.1.0-pl0.1.0-srccosmetics@0.1.0-e0ccc484/label_map.json,001,,008
data/processed/cosmetics-ds0.1.0-pl0.1.0-srccosmetics@0.1.0-e0ccc484/processing_log.json,kept,data,6aed6fd4927cecb50751fd97253db7015118391152ba461a36d310339a945681,3464,data/processed/cosmetics-ds0.1.0-pl0.1.0-srccosmetics@0.1.0-e0ccc484/processing_log.json,001,,008
data/processed/cosmetics-ds0.1.0-pl0.1.0-srccosmetics@0.1.0-e0ccc484/test.csv,kept,data,e25581375bf4573a5781df6a6b004474ab043f97e9a2462a3c62209594a6c67e,222391,data/processed/cosmetics-ds0.1.0-pl0.1.0-srccosmetics@0.1.0-e0ccc484/test.csv,001,,008
data/processed/cosmetics-ds0.1.0-pl0.1.0-srccosmetics@0.1.0-e0ccc484/train.csv,kept,data,e41750c98dc8241fca5f9caaf09c01b10a91b3bbf835030074f96f2d75aa345f,1782327,data/processed/cosmetics-ds0.1.0-pl0.1.0-srccosmetics@0.1.0-e0ccc484/train.csv,001,,008
data/processed/cosmetics-ds0.1.0-pl0.1.0-srccosmetics@0.1.0-e0ccc484/val.csv,kept,data,fa73416a8de1c86d9e24cf378b04c89737ffd03bddadb7324c3dd298c735aa57,217042,data/processed/cosmetics-ds0.1.0-pl0.1.0-srccosmetics@0.1.0-e0ccc484/val.csv,001,,008
data/processed/cosmetics-ds0.2.0-pl0.2.0-srccosmetics@0.1.0-e616c1e3/eval_lock.json,kept,data,2c1f267dea9b3283987782af053b2fc706bc0d0aabb05ca3d0752a1db4e7b168,257,data/processed/cosmetics-ds0.2.0-pl0.2.0-srccosmetics@0.1.0-e616c1e3/eval_lock.json,003,,008
data/processed/cosmetics-ds0.2.0-pl0.2.0-srccosmetics@0.1.0-e616c1e3/label_map.json,kept,data,90f66100079ddab21a8b963710b30b8edad26928e2559eb58936d639c489abd4,508,data/processed/cosmetics-ds0.2.0-pl0.2.0-srccosmetics@0.1.0-e616c1e3/label_map.json,003,,008
data/processed/cosmetics-ds0.2.0-pl0.2.0-srccosmetics@0.1.0-e616c1e3/processing_log.json,kept,data,b07ad7fd44a36a4b6231ac7fb4d9dd56ec3c12b82cfb794b85fb86a85f4dca37,4266,data/processed/cosmetics-ds0.2.0-pl0.2.0-srccosmetics@0.1.0-e616c1e3/processing_log.json,003,,008
data/processed/cosmetics-ds0.2.0-pl0.2.0-srccosmetics@0.1.0-e616c1e3/test.csv,kept,data,af349bf51739884b545e277ac5e0f8492e6a59aaba2739cd9fcb171ed3beba38,235678,data/processed/cosmetics-ds0.2.0-pl0.2.0-srccosmetics@0.1.0-e616c1e3/test.csv,003,,008
data/processed/cosmetics-ds0.2.0-pl0.2.0-srccosmetics@0.1.0-e616c1e3/train.csv,kept,data,22f8a477354f221a13a4ddd95753c00f8008f0dba27374a1234528cf9c85aa52,1777341,data/processed/cosmetics-ds0.2.0-pl0.2.0-srccosmetics@0.1.0-e616c1e3/train.csv,003,,008
data/processed/cosmetics-ds0.2.0-pl0.2.0-srccosmetics@0.1.0-e616c1e3/val.csv,kept,data,610ce5d1a2b7efefc16bc63402c16d5563a949c23270540e6a658fe56a840da4,218290,data/processed/cosmetics-ds0.2.0-pl0.2.0-srccosmetics@0.1.0-e616c1e3/val.csv,003,,008
data/raw/cosmetics/v0.1.0/data_test.csv,kept,data_raw,4c6157503647c7d2df0a03f57d3fd4a1b1d9b5f69cb59706a472891317b0fbdf,250052,data/raw/cosmetics/v0.1.0/data_test.csv,001,,008
data/raw/cosmetics/v0.1.0/data_train.csv,kept,data_raw,53486079c41a902e2de87bac98da1ae68cd9d5881685bfa59391c5a3e0037944,1986585,data/raw/cosmetics/v0.1.0/data_train.csv,001,,008
data/raw/cosmetics/v0.1.0/data_val.csv,kept,data_raw,6d8c959fb7c44b5ad08bc9c19e48d641474ac9480b857dcea3ececd8d00dd1f7,245844,data/raw/cosmetics/v0.1.0/data_val.csv,001,,008
data/raw/cosmetics/v0.1.0/full_data.csv,kept,data_raw,edaa772264be7ce4804027e2f159380a0546f7ffa0bf879d5b46effbc59eb5ca,2482334,data/raw/cosmetics/v0.1.0/full_data.csv,001,,008
data/raw/cosmetics/v0.1.0/raw_meta.yaml,kept,data_raw,a5674b12c23de6b03dd1051fe81a73e36cf46674f22e4d5d520ca0c70baa2cc5,1620,data/raw/cosmetics/v0.1.0/raw_meta.yaml,001,,008
env/.env.colab,kept,env,14f02c17473508949d91024a193478dd95b864f4ade552509b3275e6ad661626,1012,.env.colab,002,,008
env/.env.colab.example,kept,env,f89409c9510afe1bc1247425a243f798e69c8f596f4839cf0f89adaeabe8dfab,736,.env.colab.example,002,,008
experiments/phobert-base-v2/lora/exp001/README.md,kept,experiment_readme,7114a4236cbe61a90b2ef64ead6eea28d9d6881d6c2bfc0eaee568049aa82d7e,1995,experiments/phobert-base-v2/lora/exp001/README.md,006,,008
experiments/qwen3-0.6b/prompt-cot/exp001/README.md,kept,experiment_readme,63c9ad13e879616f5046f922e9d85784454f18b23e70752b95cafd2515fc505c,1826,experiments/qwen3-0.6b/prompt-cot/exp001/README.md,006,,008
experiments/qwen3-0.6b/prompt-cot/exp002/README.md,kept,experiment_readme,017f47290fc26c75e00de11c9a97a74846d3d73fe824d97a358441b0b34e7efb,1676,experiments/qwen3-0.6b/prompt-cot/exp002/README.md,006,,008
experiments/qwen3-0.6b/prompt-cot/exp003/README.md,kept,experiment_readme,89b105a268dddfac8699e957365bc8efc2cfa8624697994726a185c18fd4ded1,1839,experiments/qwen3-0.6b/prompt-cot/exp003/README.md,006,,008
experiments/qwen3-4b-instruct-2507/prompt-cot/exp002/README.md,kept,experiment_readme,856fb470c69c142be17987051b50d3239f1b998457169831558eaac845ae480a,1618,experiments/qwen3-4b-instruct-2507/prompt-cot/exp002/README.md,006,,008
experiments/qwen3-4b-instruct-2507/prompt-cot/exp003/README.md,kept,experiment_readme,1261433d367b58587b1837fab0159472a75f96091d8d16c31c3990db5078b7c8,1533,experiments/qwen3-4b-instruct-2507/prompt-cot/exp003/README.md,006,,008
experiments/qwen3-4b-instruct-2507/prompt-cot/exp004/README.md,kept,experiment_readme,b961eb1cd6908e5e970177468ecaa3aa5acce952b23eeaec1615d0d1feddff7d,1678,experiments/qwen3-4b-instruct-2507/prompt-cot/exp004/README.md,006,,008
experiments/qwen3-4b-instruct-2507/prompt-cot/exp005/README.md,kept,experiment_readme,132a76a834ca44bdbe07be6ab42e34ecbaef3c68526948842b1c0041fe7f1c0a,2078,experiments/qwen3-4b-instruct-2507/prompt-cot/exp005/README.md,001,,008
experiments/qwen3-4b-instruct-2507/prompt-cot/exp006/README.md,kept,experiment_readme,4a2f6470ceb64edb1de117db89937c2b275c5206be7bb3b39b28a601072b630d,1889,experiments/qwen3-4b-instruct-2507/prompt-cot/exp006/README.md,001,,008
experiments/qwen3-4b-instruct-2507/prompt-cot/exp007/README.md,kept,experiment_readme,7ccc0ec5ab5cd32c5e1906d0a98dcffae299aa891639d8f1ba0c243c58c01e62,1821,experiments/qwen3-4b-instruct-2507/prompt-cot/exp007/README.md,001,,008
experiments/qwen3-4b-instruct-2507/prompt-one-turn/exp001/README.md,kept,experiment_readme,f3262cc7ebe30f560b09bc0d57a8789dd82c6c14a0267a3c099d13955a4e53bb,1918,experiments/qwen3-4b-instruct-2507/prompt-one-turn/exp001/README.md,006,,008
experiments/visobert/lora/exp001/README.md,kept,experiment_readme,9f9232569cd52c1b93796d38bfd633bbc02e0fb1f742b653fc02542cd62a5abb,2003,experiments/visobert/lora/exp001/README.md,006,,008
notebooks/phobert-base-v2/lora/exp001.ipynb,changed,notebook,191265c228cb2979515bc96a1b95328b0bfddc02d07bbe5dae51945b86c2875e,19999,experiments/phobert-base-v2/lora/exp001/notebook.ipynb,008,,008
notebooks/qwen3-0.6b/prompt-cot/exp001.ipynb,changed,notebook,b80ecbaf4c948e9cc64ed2333fb9ba3cde35537b23f9af1f14ebcde274e99b9d,20000,experiments/qwen3-0.6b/prompt-cot/exp001/notebook.ipynb,008,,008
notebooks/qwen3-0.6b/prompt-cot/exp002.ipynb,changed,notebook,c7b4862b68e9455afcf4be5ae2849ccbd940407de0f33e105ca50ff244067448,20000,experiments/qwen3-0.6b/prompt-cot/exp002/notebook.ipynb,008,,008
notebooks/qwen3-0.6b/prompt-cot/exp003.ipynb,changed,notebook,c72baa0b0257528c7b0c5da62e63f026f631f0f57e530765f4de23308e3bf4a6,20000,experiments/qwen3-0.6b/prompt-cot/exp003/notebook.ipynb,008,,008
notebooks/qwen3-4b-instruct-2507/prompt-cot/exp002.ipynb,changed,notebook,8fe1fd02c6b8846badeeec12ac57ef55c716e570f4aa0a20b55ecc5e7659dc53,20012,experiments/qwen3-4b-instruct-2507/prompt-cot/exp002/notebook.ipynb,008,,008
notebooks/qwen3-4b-instruct-2507/prompt-cot/exp003.ipynb,changed,notebook,02edceedc4d60cc55a7f1127cbdab70ae1870901a60474eac860962c28d953bc,20012,experiments/qwen3-4b-instruct-2507/prompt-cot/exp003/notebook.ipynb,008,,008
notebooks/qwen3-4b-instruct-2507/prompt-cot/exp004.ipynb,changed,notebook,0b5a88adccc8c731339cf00629055661c3d1bc64e0e9491b55e177c14176ef93,20012,experiments/qwen3-4b-instruct-2507/prompt-cot/exp004/notebook.ipynb,008,,008
notebooks/qwen3-4b-instruct-2507/prompt-cot/exp005.ipynb,changed,notebook,b4b1454b40f0f828554d8704b51d2a9956f9a694e56d15c779ca97793fb5d8cf,20012,experiments/qwen3-4b-instruct-2507/prompt-cot/exp005/notebook.ipynb,008,,008
notebooks/qwen3-4b-instruct-2507/prompt-cot/exp006.ipynb,changed,notebook,f995fadda9168a23c9bb952ede63dfc01fb926a85b19eaf7987c89c07597282f,20012,experiments/qwen3-4b-instruct-2507/prompt-cot/exp006/notebook.ipynb,008,,008
notebooks/qwen3-4b-instruct-2507/prompt-cot/exp007.ipynb,changed,notebook,75c200d0f02449727ddd865c00f3991215089b44027d32f71e8464319b88b511,20012,experiments/qwen3-4b-instruct-2507/prompt-cot/exp007/notebook.ipynb,008,,008
notebooks/qwen3-4b-instruct-2507/prompt-one-turn/exp001.ipynb,changed,notebook,c30e9e366522f6e1961c6cca884b6d76d0ce0821a47b249c25499f610e259bf3,20017,experiments/qwen3-4b-instruct-2507/prompt-one-turn/exp001/notebook.ipynb,008,,008
notebooks/visobert/lora/exp001.ipynb,changed,notebook,48096386ac573120ead7895670822f7f50604a1144561eb9d053c91462454712,19992,experiments/visobert/lora/exp001/notebook.ipynb,008,,008
