model,split,tokenizer,segmenter,vocab,max_length,số review,token/review TB,p50,p95,p99,max,% review > max_length,số token <unk>,% token <unk>,subword / từ
phobert-base-v2,train,PhobertTokenizer,vncorenlp,64000,256,12302,29.96,25,62,87,301,0.02,14302,3.88,1.38
phobert-base-v2,val,PhobertTokenizer,vncorenlp,64000,256,1524,29.21,25,56,83,192,0.0,1633,3.67,1.39
phobert-base-v2,test,PhobertTokenizer,vncorenlp,64000,256,1518,30.63,25,67,86,169,0.0,1549,3.33,1.39
visobert,train,XLMRobertaTokenizer,none,15002,256,12302,43.45,36,89,125,229,0.0,596,0.11,2.02
visobert,val,XLMRobertaTokenizer,none,15002,256,1524,42.74,36,80,125,175,0.0,47,0.07,2.03
visobert,test,XLMRobertaTokenizer,none,15002,256,1518,44.01,36,97,124,159,0.0,71,0.11,2.02
qwen3-4b-instruct-2507,train,Qwen2Tokenizer,none,151643,2304,12302,257.5,252,296,326,502,0.0,-,-,11.98
qwen3-4b-instruct-2507,val,Qwen2Tokenizer,none,151643,2304,1524,256.61,252,290,324,409,0.0,-,-,12.2
qwen3-4b-instruct-2507,test,Qwen2Tokenizer,none,151643,2304,1518,258.17,252,301,322,352,0.0,-,-,11.83
qwen3-0.6b,train,Qwen2Tokenizer,none,151643,2304,12302,257.5,252,296,326,502,0.0,-,-,11.98
qwen3-0.6b,val,Qwen2Tokenizer,none,151643,2304,1524,256.61,252,290,324,409,0.0,-,-,12.2
qwen3-0.6b,test,Qwen2Tokenizer,none,151643,2304,1518,258.17,252,301,322,352,0.0,-,-,11.83
