aspect,sentiment,metric,value,basis
stayingpower,all,accuracy,48.2,all
stayingpower,mentioned,accuracy_when_mentioned,78.9,all
texture,all,accuracy,54.59,all
texture,mentioned,accuracy_when_mentioned,73.89,all
smell,all,accuracy,49.72,all
smell,mentioned,accuracy_when_mentioned,73.67,all
price,all,accuracy,44.27,all
price,mentioned,accuracy_when_mentioned,58.72,all
colour,all,accuracy,55.22,all
colour,mentioned,accuracy_when_mentioned,61.98,all
shipping,all,accuracy,55.6,all
shipping,mentioned,accuracy_when_mentioned,78.74,all
packing,all,accuracy,45.96,all
packing,mentioned,accuracy_when_mentioned,72.95,all
stayingpower,mentioned,accuracy,50.6,all
stayingpower,mentioned,precision,0.226,all
stayingpower,mentioned,recall,0.949,all
stayingpower,mentioned,f1,0.365,all
texture,mentioned,accuracy,60.62,all
texture,mentioned,precision,0.408,all
texture,mentioned,recall,0.958,all
texture,mentioned,f1,0.572,all
smell,mentioned,accuracy,53.7,all
smell,mentioned,precision,0.281,all
smell,mentioned,recall,0.95,all
smell,mentioned,f1,0.434,all
price,mentioned,accuracy,49.75,all
price,mentioned,precision,0.268,all
price,mentioned,recall,0.859,all
price,mentioned,f1,0.408,all
colour,mentioned,accuracy,66.6,all
colour,mentioned,precision,0.572,all
colour,mentioned,recall,0.885,all
colour,mentioned,f1,0.695,all
shipping,mentioned,accuracy,57.86,all
shipping,mentioned,precision,0.42,all
shipping,mentioned,recall,0.858,all
shipping,mentioned,f1,0.564,all
packing,mentioned,accuracy,48.86,all
packing,mentioned,precision,0.246,all
packing,mentioned,recall,0.89,all
packing,mentioned,f1,0.385,all
stayingpower,positive,precision,0.172,all
stayingpower,positive,recall,0.702,all
stayingpower,positive,f1,0.276,all
stayingpower,positive,support,141.0,all
stayingpower,negative,precision,0.21,all
stayingpower,negative,recall,0.917,all
stayingpower,negative,f1,0.342,all
stayingpower,negative,support,96.0,all
texture,positive,precision,0.401,all
texture,positive,recall,0.708,all
texture,positive,f1,0.512,all
texture,positive,support,346.0,all
texture,negative,precision,0.182,all
texture,negative,recall,0.867,all
texture,negative,f1,0.301,all
texture,negative,support,83.0,all
smell,positive,precision,0.293,all
smell,positive,recall,0.702,all
smell,positive,f1,0.413,all
smell,positive,support,252.0,all
smell,negative,precision,0.108,all
smell,negative,recall,0.917,all
smell,negative,f1,0.193,all
smell,negative,support,48.0,all
price,positive,precision,0.295,all
price,positive,recall,0.583,all
price,positive,f1,0.392,all
price,positive,support,321.0,all
price,negative,precision,0.012,all
price,negative,recall,0.833,all
price,negative,f1,0.024,all
price,negative,support,6.0,all
colour,positive,precision,0.573,all
colour,positive,recall,0.6,all
colour,positive,f1,0.586,all
colour,positive,support,622.0,all
colour,negative,precision,0.117,all
colour,negative,recall,0.852,all
colour,negative,f1,0.205,all
colour,negative,support,54.0,all
shipping,positive,precision,0.385,all
shipping,positive,recall,0.704,all
shipping,positive,f1,0.498,all
shipping,positive,support,334.0,all
shipping,negative,precision,0.386,all
shipping,negative,recall,0.948,all
shipping,negative,f1,0.549,all
shipping,negative,support,174.0,all
packing,positive,precision,0.316,all
packing,positive,recall,0.727,all
packing,positive,f1,0.441,all
packing,positive,support,282.0,all
packing,negative,precision,0.02,all
packing,negative,recall,0.8,all
packing,negative,f1,0.038,all
packing,negative,support,10.0,all
all,all,accuracy_macro,50.51,all
all,all,accuracy_micro,50.46,all
all,all,when_mentioned_macro,71.26,all
all,all,detection_f1_macro,0.489,all
all,all,detection_f1_micro,0.501,all
all,all,sentiment_f1_macro,0.341,all
all,all,sentiment_f1_micro,0.391,all
all,all,exact_match,19.72,all
stayingpower,all,accuracy,83.11,paper
stayingpower,mentioned,accuracy_when_mentioned,83.11,paper
texture,all,accuracy,77.13,paper
texture,mentioned,accuracy_when_mentioned,77.13,paper
smell,all,accuracy,77.54,paper
smell,mentioned,accuracy_when_mentioned,77.54,paper
price,all,accuracy,68.33,paper
price,mentioned,accuracy_when_mentioned,68.33,paper
colour,all,accuracy,70.07,paper
colour,mentioned,accuracy_when_mentioned,70.07,paper
shipping,all,accuracy,91.74,paper
shipping,mentioned,accuracy_when_mentioned,91.74,paper
packing,all,accuracy,81.92,paper
packing,mentioned,accuracy_when_mentioned,81.92,paper
stayingpower,positive,precision,0.925,paper
stayingpower,positive,recall,0.767,paper
stayingpower,positive,f1,0.839,paper
stayingpower,positive,support,129.0,paper
stayingpower,negative,precision,0.746,paper
stayingpower,negative,recall,0.917,paper
stayingpower,negative,f1,0.822,paper
stayingpower,negative,support,96.0,paper
texture,positive,precision,0.968,paper
texture,positive,recall,0.74,paper
texture,positive,f1,0.839,paper
texture,positive,support,331.0,paper
texture,negative,precision,0.456,paper
texture,negative,recall,0.9,paper
texture,negative,f1,0.605,paper
texture,negative,support,80.0,paper
smell,positive,precision,0.978,paper
smell,positive,recall,0.747,paper
smell,positive,f1,0.847,paper
smell,positive,support,237.0,paper
smell,negative,precision,0.423,paper
smell,negative,recall,0.917,paper
smell,negative,f1,0.579,paper
smell,negative,support,48.0,paper
price,positive,precision,0.995,paper
price,positive,recall,0.68,paper
price,positive,f1,0.808,paper
price,positive,support,275.0,paper
price,negative,precision,0.054,paper
price,negative,recall,0.833,paper
price,negative,f1,0.101,paper
price,negative,support,6.0,paper
colour,positive,precision,0.982,paper
colour,positive,recall,0.684,paper
colour,positive,f1,0.806,paper
colour,positive,support,545.0,paper
colour,negative,precision,0.211,paper
colour,negative,recall,0.868,paper
colour,negative,f1,0.339,paper
colour,negative,support,53.0,paper
shipping,positive,precision,0.983,paper
shipping,positive,recall,0.88,paper
shipping,positive,f1,0.929,paper
shipping,positive,support,267.0,paper
shipping,negative,precision,0.838,paper
shipping,negative,recall,0.976,paper
shipping,negative,f1,0.902,paper
shipping,negative,support,169.0,paper
packing,positive,precision,0.995,paper
packing,positive,recall,0.817,paper
packing,positive,f1,0.897,paper
packing,positive,support,251.0,paper
packing,negative,precision,0.148,paper
packing,negative,recall,0.889,paper
packing,negative,f1,0.254,paper
packing,negative,support,9.0,paper
all,all,accuracy_macro,78.55,paper
all,all,accuracy_micro,78.08,paper
all,all,when_mentioned_macro,78.55,paper
all,all,detection_f1_macro,1.0,paper
all,all,detection_f1_micro,1.0,paper
all,all,sentiment_f1_macro,0.683,paper
all,all,sentiment_f1_micro,0.781,paper
all,all,exact_match,78.19,paper
