kind,epoch,step,loss,train_loss,val_loss,lr,accuracy_cell,accuracy_macro,sentiment_f1,sentiment_precision,sentiment_recall,detection_f1,cells
step,1,100,0.668968,,,0.00018264,68.47,68.39,0.369,0.308,0.616,0.565,10554
step,1,200,0.480128,,,0.00016528,79.29,79.17,0.553,0.474,0.767,0.725,10554
step,1,300,0.521403,,,0.00014792,83.45,83.35,0.648,0.564,0.836,0.774,10554
epoch,1,383,,0.555482,0.574498,,85.35,85.25,0.674,0.561,0.902,0.799,10554
step,2,400,0.274446,,,0.00013056,88.46,88.37,0.747,0.656,0.908,0.832,10554
step,2,500,0.423886,,,0.00011319,87.24,87.12,0.746,0.637,0.946,0.826,10554
step,2,600,0.530397,,,9.583e-05,91.03,90.95,0.804,0.718,0.941,0.866,10554
step,2,700,0.256424,,,7.847e-05,92.99,92.92,0.822,0.739,0.952,0.896,10554
epoch,2,767,,0.36888,0.460198,,93.0,92.93,0.824,0.742,0.953,0.894,10554
step,3,800,0.354026,,,6.111e-05,92.57,92.5,0.816,0.731,0.957,0.887,10554
step,3,900,0.264301,,,4.375e-05,93.14,93.08,0.838,0.761,0.958,0.894,10554
step,3,1000,0.341468,,,2.639e-05,93.35,93.29,0.829,0.747,0.959,0.898,10554
step,3,1100,0.361095,,,9.03e-06,93.58,93.52,0.83,0.751,0.957,0.898,10554
epoch,3,1150,,0.330222,0.442374,,93.73,93.67,0.83,0.752,0.957,0.901,10554
