split,dòng gốc,lý do,văn bản (rút gọn)
train,520,trùng lặp chính xác + xung đột nhãn,"Sản phẩm rất xinh đẹp tuyệt vời, tôi không thể trông đợi gì hơn. Cảm ơn nhà cung cấp, nhà sản xuất, cảm ơn người bán hàng, cảm ơn sàn thương mại điện tử, cảm ơn người vận chuyển để tôi có cơ hội dùng "
train,891,trùng lặp chính xác + xung đột nhãn,"Sản phẩm rất xinh đẹp tuyệt vời, tôi không thể trông đợi gì hơn. Cảm ơn nhà cung cấp, nhà sản xuất, cảm ơn người bán hàng, cảm ơn sàn thương mại điện tử, cảm ơn người vận chuyển để tôi có cơ hội dùng "
train,2322,trùng lặp chính xác + xung đột nhãn,"Sản phẩm rất xinh đẹp tuyệt vời, tôi không thể trông đợi gì hơn. Cảm ơn nhà cung cấp, nhà sản xuất, cảm ơn người bán hàng, cảm ơn sàn thương mại điện tử, cảm ơn người vận chuyển để tôi có cơ hội dùng "
train,2699,trùng lặp chính xác + xung đột nhãn,"Sản phẩm rất xinh đẹp tuyệt vời, tôi không thể trông đợi gì hơn. Cảm ơn nhà cung cấp, nhà sản xuất, cảm ơn người bán hàng, cảm ơn sàn thương mại điện tử, cảm ơn người vận chuyển để tôi có cơ hội dùng "
train,2814,trùng lặp chính xác + xung đột nhãn,"Sản phẩm rất xinh đẹp tuyệt vời, tôi không thể trông đợi gì hơn. Cảm ơn nhà cung cấp, nhà sản xuất, cảm ơn người bán hàng, cảm ơn sàn thương mại điện tử, cảm ơn người vận chuyển để tôi có cơ hội dùng "
train,3492,trùng lặp chính xác + xung đột nhãn,"Sản phẩm rất xinh đẹp tuyệt vời, tôi không thể trông đợi gì hơn. Cảm ơn nhà cung cấp, nhà sản xuất, cảm ơn người bán hàng, cảm ơn sàn thương mại điện tử, cảm ơn người vận chuyển để tôi có cơ hội dùng "
train,4781,trùng lặp chính xác + xung đột nhãn,"Sản phẩm rất xinh đẹp tuyệt vời, tôi không thể trông đợi gì hơn. Cảm ơn nhà cung cấp, nhà sản xuất, cảm ơn người bán hàng, cảm ơn sàn thương mại điện tử, cảm ơn người vận chuyển để tôi có cơ hội dùng "
train,4813,trùng lặp chính xác + xung đột nhãn,"Sản phẩm rất xinh đẹp tuyệt vời, tôi không thể trông đợi gì hơn. Cảm ơn nhà cung cấp, nhà sản xuất, cảm ơn người bán hàng, cảm ơn sàn thương mại điện tử, cảm ơn người vận chuyển để tôi có cơ hội dùng "
train,4835,trùng lặp chính xác + xung đột nhãn,"Sản phẩm rất xinh đẹp tuyệt vời, tôi không thể trông đợi gì hơn. Cảm ơn nhà cung cấp, nhà sản xuất, cảm ơn người bán hàng, cảm ơn sàn thương mại điện tử, cảm ơn người vận chuyển để tôi có cơ hội dùng "
train,5202,trùng lặp chính xác + xung đột nhãn,"Sản phẩm rất xinh đẹp tuyệt vời, tôi không thể trông đợi gì hơn. Cảm ơn nhà cung cấp, nhà sản xuất, cảm ơn người bán hàng, cảm ơn sàn thương mại điện tử, cảm ơn người vận chuyển để tôi có cơ hội dùng "
train,5815,trùng lặp chính xác + xung đột nhãn,"Sản phẩm rất xinh đẹp tuyệt vời, tôi không thể trông đợi gì hơn. Cảm ơn nhà cung cấp, nhà sản xuất, cảm ơn người bán hàng, cảm ơn sàn thương mại điện tử, cảm ơn người vận chuyển để tôi có cơ hội dùng "
train,6232,trùng lặp chính xác + xung đột nhãn,"Sản phẩm rất xinh đẹp tuyệt vời, tôi không thể trông đợi gì hơn. Cảm ơn nhà cung cấp, nhà sản xuất, cảm ơn người bán hàng, cảm ơn sàn thương mại điện tử, cảm ơn người vận chuyển để tôi có cơ hội dùng "
train,6491,trùng lặp chính xác + xung đột nhãn,"Sản phẩm rất xinh đẹp tuyệt vời, tôi không thể trông đợi gì hơn. Cảm ơn nhà cung cấp, nhà sản xuất, cảm ơn người bán hàng, cảm ơn sàn thương mại điện tử, cảm ơn người vận chuyển để tôi có cơ hội dùng "
train,6519,trùng lặp chính xác + xung đột nhãn,"Sản phẩm rất xinh đẹp tuyệt vời, tôi không thể trông đợi gì hơn. Cảm ơn nhà cung cấp, nhà sản xuất, cảm ơn người bán hàng, cảm ơn sàn thương mại điện tử, cảm ơn người vận chuyển để tôi có cơ hội dùng "
train,6560,trùng lặp chính xác + xung đột nhãn,"Sản phẩm rất xinh đẹp tuyệt vời, tôi không thể trông đợi gì hơn. Cảm ơn nhà cung cấp, nhà sản xuất, cảm ơn người bán hàng, cảm ơn sàn thương mại điện tử, cảm ơn người vận chuyển để tôi có cơ hội dùng "
train,7277,trùng lặp chính xác + xung đột nhãn,"Sản phẩm rất xinh đẹp tuyệt vời, tôi không thể trông đợi gì hơn. Cảm ơn nhà cung cấp, nhà sản xuất, cảm ơn người bán hàng, cảm ơn sàn thương mại điện tử, cảm ơn người vận chuyển để tôi có cơ hội dùng "
train,7476,trùng lặp chính xác + xung đột nhãn,"Sản phẩm rất xinh đẹp tuyệt vời, tôi không thể trông đợi gì hơn. Cảm ơn nhà cung cấp, nhà sản xuất, cảm ơn người bán hàng, cảm ơn sàn thương mại điện tử, cảm ơn người vận chuyển để tôi có cơ hội dùng "
train,7850,trùng lặp chính xác + xung đột nhãn,"Sản phẩm rất xinh đẹp tuyệt vời, tôi không thể trông đợi gì hơn. Cảm ơn nhà cung cấp, nhà sản xuất, cảm ơn người bán hàng, cảm ơn sàn thương mại điện tử, cảm ơn người vận chuyển để tôi có cơ hội dùng "
train,10164,trùng lặp chính xác + xung đột nhãn,"Sản phẩm rất xinh đẹp tuyệt vời, tôi không thể trông đợi gì hơn. Cảm ơn nhà cung cấp, nhà sản xuất, cảm ơn người bán hàng, cảm ơn sàn thương mại điện tử, cảm ơn người vận chuyển để tôi có cơ hội dùng "
train,11494,trùng lặp chính xác + xung đột nhãn,"Sản phẩm rất xinh đẹp tuyệt vời, tôi không thể trông đợi gì hơn. Cảm ơn nhà cung cấp, nhà sản xuất, cảm ơn người bán hàng, cảm ơn sàn thương mại điện tử, cảm ơn người vận chuyển để tôi có cơ hội dùng "
train,11667,trùng lặp chính xác + xung đột nhãn,"Sản phẩm rất xinh đẹp tuyệt vời, tôi không thể trông đợi gì hơn. Cảm ơn nhà cung cấp, nhà sản xuất, cảm ơn người bán hàng, cảm ơn sàn thương mại điện tử, cảm ơn người vận chuyển để tôi có cơ hội dùng "
train,11779,trùng lặp chính xác + xung đột nhãn,"Sản phẩm rất xinh đẹp tuyệt vời, tôi không thể trông đợi gì hơn. Cảm ơn nhà cung cấp, nhà sản xuất, cảm ơn người bán hàng, cảm ơn sàn thương mại điện tử, cảm ơn người vận chuyển để tôi có cơ hội dùng "
train,11946,trùng lặp chính xác + xung đột nhãn,"Sản phẩm rất xinh đẹp tuyệt vời, tôi không thể trông đợi gì hơn. Cảm ơn nhà cung cấp, nhà sản xuất, cảm ơn người bán hàng, cảm ơn sàn thương mại điện tử, cảm ơn người vận chuyển để tôi có cơ hội dùng "
train,12813,trùng lặp chính xác + xung đột nhãn,"Sản phẩm rất xinh đẹp tuyệt vời, tôi không thể trông đợi gì hơn. Cảm ơn nhà cung cấp, nhà sản xuất, cảm ơn người bán hàng, cảm ơn sàn thương mại điện tử, cảm ơn người vận chuyển để tôi có cơ hội dùng "
train,1192,trùng lặp chính xác + xung đột nhãn,"Hàng đóng gói rất đẹp. Quả nhiên người bán đã gửi gắm rất nhiều tâm tư và tình cảm trong lúc gói hàng. Hộp không có dấu hiệu bị móp, chứng tỏ bộ phận vận chuyển đã nâng như nâng trứng, hứng như hứng h"
train,4666,trùng lặp chính xác + xung đột nhãn,"Hàng đóng gói rất đẹp. Quả nhiên người bán đã gửi gắm rất nhiều tâm tư và tình cảm trong lúc gói hàng. Hộp không có dấu hiệu bị móp, chứng tỏ bộ phận vận chuyển đã nâng như nâng trứng, hứng như hứng h"
train,5564,trùng lặp chính xác + xung đột nhãn,"Hàng đóng gói rất đẹp. Quả nhiên người bán đã gửi gắm rất nhiều tâm tư và tình cảm trong lúc gói hàng. Hộp không có dấu hiệu bị móp, chứng tỏ bộ phận vận chuyển đã nâng như nâng trứng, hứng như hứng h"
train,5981,trùng lặp chính xác + xung đột nhãn,"Hàng đóng gói rất đẹp. Quả nhiên người bán đã gửi gắm rất nhiều tâm tư và tình cảm trong lúc gói hàng. Hộp không có dấu hiệu bị móp, chứng tỏ bộ phận vận chuyển đã nâng như nâng trứng, hứng như hứng h"
train,9492,trùng lặp chính xác + xung đột nhãn,"Hàng đóng gói rất đẹp. Quả nhiên người bán đã gửi gắm rất nhiều tâm tư và tình cảm trong lúc gói hàng. Hộp không có dấu hiệu bị móp, chứng tỏ bộ phận vận chuyển đã nâng như nâng trứng, hứng như hứng h"
train,10989,trùng lặp chính xác + xung đột nhãn,"Hàng đóng gói rất đẹp. Quả nhiên người bán đã gửi gắm rất nhiều tâm tư và tình cảm trong lúc gói hàng. Hộp không có dấu hiệu bị móp, chứng tỏ bộ phận vận chuyển đã nâng như nâng trứng, hứng như hứng h"
train,12320,trùng lặp chính xác + xung đột nhãn,"Hàng đóng gói rất đẹp. Quả nhiên người bán đã gửi gắm rất nhiều tâm tư và tình cảm trong lúc gói hàng. Hộp không có dấu hiệu bị móp, chứng tỏ bộ phận vận chuyển đã nâng như nâng trứng, hứng như hứng h"
train,12349,trùng lặp chính xác + xung đột nhãn,"Hàng đóng gói rất đẹp. Quả nhiên người bán đã gửi gắm rất nhiều tâm tư và tình cảm trong lúc gói hàng. Hộp không có dấu hiệu bị móp, chứng tỏ bộ phận vận chuyển đã nâng như nâng trứng, hứng như hứng h"
train,12612,trùng lặp chính xác + xung đột nhãn,"Hàng đóng gói rất đẹp. Quả nhiên người bán đã gửi gắm rất nhiều tâm tư và tình cảm trong lúc gói hàng. Hộp không có dấu hiệu bị móp, chứng tỏ bộ phận vận chuyển đã nâng như nâng trứng, hứng như hứng h"
train,3493,trùng lặp chính xác + xung đột nhãn,"Đóng gói rất chắc chắn, sản phẩm sử dụng rất êm sẽ ủng hộ shop nữa"
train,11811,trùng lặp chính xác + xung đột nhãn,"Đóng gói rất chắc chắn, sản phẩm sử dụng rất êm sẽ ủng hộ shop nữa"
train,7038,trùng lặp chính xác + xung đột nhãn,Chất lượng sản phẩm tuyệt vời đóng gói sản phẩm rất đẹp và chắc chắn
train,9231,trùng lặp chính xác + xung đột nhãn,Chất lượng sản phẩm tuyệt vời đóng gói sản phẩm rất đẹp và chắc chắn
train,11675,trùng lặp chính xác + xung đột nhãn,Chất lượng sản phẩm tuyệt vời đóng gói sản phẩm rất đẹp và chắc chắn
train,3070,trùng lặp theo khoá so trùng + xung đột nhãn,"Sản phẩm rất xinh đẹp tuyệt vời, tôi không thể trông đợi gì hơn. Cảm ơn nhà cung cấp, nhà sản xuất, cảm ơn người bán hàng, cảm ơn sàn thương mại điện tử, cảm ơn người vận chuyển để tôi có cơ hội dùng "
train,3629,trùng lặp theo khoá so trùng + xung đột nhãn,"Sản phẩm rất xinh đẹp tuyệt vời, tôi không thể trông đợi gì hơn. Cảm ơn nhà cung cấp, nhà sản xuất, cảm ơn người bán hàng, cảm ơn sàn thương mại điện tử, cảm ơn người vận chuyển để tôi có cơ hội dùng "
train,7764,trùng lặp theo khoá so trùng + xung đột nhãn,"Sản phẩm rất xinh đẹp tuyệt vời, tôi không thể trông đợi gì hơn. Cảm ơn nhà cung cấp, nhà sản xuất, cảm ơn người bán hàng, cảm ơn sàn thương mại điện tử, cảm ơn người vận chuyển để tôi có cơ hội dùng "
train,9316,trùng lặp theo khoá so trùng + xung đột nhãn,"Chất lượng son ... Giá học sinh 


Hehe mn rảnh qua tường e mua trị mụn và dưỡng da nạ 🥰🥰🥰🥰"
train,9892,trùng lặp theo khoá so trùng + xung đột nhãn,"Chất lượng son ... Giá học sinh 


Hehe mn rảnh qua tường e mua trị mụn và dưỡng da nạ 🥰🥰🥰🥰"
