chỉ số,split,khía cạnh,nhãn đúng,nhãn đoán,p(mã âm),p(mã dương)
0,test,stayingpower,0,0,,
1,test,stayingpower,0,0,,
2,test,stayingpower,0,0,,
3,test,stayingpower,0,0,,
4,test,stayingpower,0,0,,
5,test,stayingpower,0,0,,
6,test,stayingpower,0,0,,
7,test,stayingpower,0,0,,
8,test,stayingpower,1,0,,
9,test,stayingpower,0,0,,
10,test,stayingpower,0,0,,
11,test,stayingpower,0,0,,
12,test,stayingpower,0,0,,
13,test,stayingpower,1,2,,
14,test,stayingpower,0,0,,
15,test,stayingpower,0,0,,
16,test,stayingpower,0,0,,
17,test,stayingpower,0,0,,
18,test,stayingpower,0,0,,
19,test,stayingpower,0,0,,
20,test,stayingpower,0,0,,
21,test,stayingpower,0,0,,
22,test,stayingpower,0,0,,
23,test,stayingpower,0,0,,
24,test,stayingpower,0,0,,
25,test,stayingpower,0,0,,
26,test,stayingpower,0,0,,
27,test,stayingpower,0,0,,
28,test,stayingpower,0,0,,
29,test,stayingpower,0,0,,
30,test,stayingpower,0,0,,
31,test,stayingpower,0,0,,
32,test,stayingpower,0,0,,
33,test,stayingpower,0,0,,
34,test,stayingpower,0,0,,
35,test,stayingpower,0,2,,
36,test,stayingpower,0,0,,
37,test,stayingpower,0,0,,
38,test,stayingpower,0,0,,
39,test,stayingpower,0,0,,
40,test,stayingpower,0,0,,
41,test,stayingpower,1,0,,
42,test,stayingpower,0,0,,
43,test,stayingpower,0,0,,
44,test,stayingpower,0,0,,
45,test,stayingpower,0,0,,
46,test,stayingpower,0,0,,
47,test,stayingpower,0,0,,
48,test,stayingpower,0,0,,
49,test,stayingpower,0,0,,
50,test,stayingpower,0,0,,
51,test,stayingpower,0,0,,
52,test,stayingpower,2,2,,
53,test,stayingpower,0,0,,
54,test,stayingpower,3,0,,
55,test,stayingpower,0,0,,
56,test,stayingpower,0,0,,
57,test,stayingpower,0,0,,
58,test,stayingpower,0,0,,
59,test,stayingpower,0,0,,
60,test,stayingpower,0,0,,
61,test,stayingpower,2,2,,
62,test,stayingpower,0,0,,
63,test,stayingpower,0,0,,
64,test,stayingpower,0,0,,
65,test,stayingpower,0,0,,
66,test,stayingpower,2,2,,
67,test,stayingpower,0,0,,
68,test,stayingpower,0,0,,
69,test,stayingpower,0,0,,
70,test,stayingpower,0,0,,
71,test,stayingpower,0,2,,
72,test,stayingpower,0,0,,
73,test,stayingpower,0,0,,
74,test,stayingpower,0,0,,
75,test,stayingpower,3,2,,
76,test,stayingpower,0,0,,
77,test,stayingpower,0,0,,
78,test,stayingpower,0,0,,
79,test,stayingpower,2,2,,
80,test,stayingpower,0,0,,
81,test,stayingpower,0,0,,
82,test,stayingpower,0,0,,
83,test,stayingpower,0,0,,
84,test,stayingpower,0,0,,
85,test,stayingpower,0,0,,
86,test,stayingpower,0,0,,
87,test,stayingpower,1,0,,
88,test,stayingpower,2,0,,
89,test,stayingpower,1,2,,
90,test,stayingpower,0,0,,
91,test,stayingpower,0,0,,
92,test,stayingpower,0,0,,
93,test,stayingpower,0,0,,
94,test,stayingpower,0,0,,
95,test,stayingpower,0,0,,
96,test,stayingpower,0,0,,
97,test,stayingpower,0,0,,
98,test,stayingpower,0,0,,
99,test,stayingpower,1,1,,
100,test,stayingpower,0,0,,
101,test,stayingpower,1,0,,
102,test,stayingpower,0,0,,
103,test,stayingpower,0,0,,
104,test,stayingpower,0,0,,
105,test,stayingpower,0,0,,
106,test,stayingpower,0,0,,
107,test,stayingpower,0,0,,
108,test,stayingpower,0,0,,
109,test,stayingpower,0,0,,
110,test,stayingpower,0,0,,
111,test,stayingpower,0,0,,
112,test,stayingpower,0,0,,
113,test,stayingpower,0,0,,
114,test,stayingpower,0,0,,
115,test,stayingpower,0,0,,
116,test,stayingpower,0,0,,
117,test,stayingpower,0,0,,
118,test,stayingpower,0,0,,
119,test,stayingpower,0,0,,
120,test,stayingpower,0,0,,
121,test,stayingpower,0,0,,
122,test,stayingpower,0,0,,
123,test,stayingpower,0,0,,
124,test,stayingpower,0,0,,
125,test,stayingpower,3,0,,
126,test,stayingpower,0,0,,
127,test,stayingpower,0,0,,
128,test,stayingpower,0,0,,
129,test,stayingpower,0,0,,
130,test,stayingpower,0,0,,
131,test,stayingpower,0,0,,
132,test,stayingpower,2,0,,
133,test,stayingpower,0,0,,
134,test,stayingpower,0,0,,
135,test,stayingpower,0,0,,
136,test,stayingpower,0,0,,
137,test,stayingpower,0,0,,
138,test,stayingpower,0,0,,
139,test,stayingpower,1,1,,
140,test,stayingpower,0,0,,
141,test,stayingpower,0,0,,
142,test,stayingpower,0,0,,
143,test,stayingpower,1,1,,
144,test,stayingpower,0,0,,
145,test,stayingpower,0,0,,
146,test,stayingpower,0,0,,
147,test,stayingpower,0,0,,
148,test,stayingpower,0,0,,
149,test,stayingpower,0,0,,
150,test,stayingpower,0,0,,
151,test,stayingpower,1,1,,
152,test,stayingpower,0,0,,
153,test,stayingpower,0,0,,
154,test,stayingpower,0,0,,
155,test,stayingpower,1,2,,
156,test,stayingpower,0,0,,
157,test,stayingpower,2,2,,
158,test,stayingpower,0,0,,
159,test,stayingpower,3,0,,
160,test,stayingpower,0,0,,
161,test,stayingpower,0,0,,
162,test,stayingpower,0,0,,
163,test,stayingpower,0,0,,
164,test,stayingpower,0,0,,
165,test,stayingpower,0,0,,
166,test,stayingpower,0,0,,
167,test,stayingpower,0,0,,
168,test,stayingpower,0,0,,
169,test,stayingpower,0,0,,
170,test,stayingpower,0,0,,
171,test,stayingpower,0,0,,
172,test,stayingpower,0,0,,
173,test,stayingpower,3,0,,
174,test,stayingpower,3,2,,
175,test,stayingpower,1,0,,
176,test,stayingpower,0,0,,
177,test,stayingpower,0,0,,
178,test,stayingpower,0,0,,
179,test,stayingpower,2,2,,
180,test,stayingpower,0,0,,
181,test,stayingpower,0,0,,
182,test,stayingpower,0,0,,
183,test,stayingpower,1,0,,
184,test,stayingpower,0,0,,
185,test,stayingpower,0,0,,
186,test,stayingpower,0,0,,
187,test,stayingpower,3,0,,
188,test,stayingpower,0,0,,
189,test,stayingpower,1,0,,
190,test,stayingpower,0,0,,
191,test,stayingpower,0,0,,
192,test,stayingpower,0,0,,
193,test,stayingpower,0,0,,
194,test,stayingpower,0,0,,
195,test,stayingpower,0,0,,
196,test,stayingpower,0,0,,
197,test,stayingpower,0,0,,
198,test,stayingpower,1,1,,
199,test,stayingpower,0,0,,
200,test,stayingpower,0,0,,
201,test,stayingpower,1,0,,
202,test,stayingpower,0,0,,
203,test,stayingpower,0,0,,
204,test,stayingpower,0,0,,
205,test,stayingpower,0,0,,
206,test,stayingpower,0,0,,
207,test,stayingpower,0,0,,
208,test,stayingpower,0,0,,
209,test,stayingpower,0,0,,
210,test,stayingpower,0,0,,
211,test,stayingpower,1,0,,
212,test,stayingpower,1,1,,
213,test,stayingpower,0,0,,
214,test,stayingpower,0,0,,
215,test,stayingpower,2,2,,
216,test,stayingpower,0,0,,
217,test,stayingpower,0,0,,
218,test,stayingpower,0,0,,
219,test,stayingpower,0,0,,
220,test,stayingpower,0,0,,
221,test,stayingpower,0,0,,
222,test,stayingpower,0,0,,
223,test,stayingpower,1,0,,
224,test,stayingpower,0,0,,
225,test,stayingpower,0,0,,
226,test,stayingpower,0,0,,
227,test,stayingpower,1,0,,
228,test,stayingpower,0,0,,
229,test,stayingpower,0,0,,
230,test,stayingpower,0,0,,
231,test,stayingpower,0,0,,
232,test,stayingpower,0,0,,
233,test,stayingpower,0,0,,
234,test,stayingpower,1,1,,
235,test,stayingpower,0,0,,
236,test,stayingpower,0,0,,
237,test,stayingpower,0,0,,
238,test,stayingpower,0,0,,
239,test,stayingpower,0,0,,
240,test,stayingpower,0,0,,
241,test,stayingpower,0,0,,
242,test,stayingpower,0,0,,
243,test,stayingpower,0,0,,
244,test,stayingpower,0,0,,
245,test,stayingpower,0,0,,
246,test,stayingpower,0,0,,
247,test,stayingpower,0,0,,
248,test,stayingpower,0,0,,
249,test,stayingpower,0,0,,
250,test,stayingpower,0,0,,
251,test,stayingpower,1,0,,
252,test,stayingpower,0,0,,
253,test,stayingpower,0,0,,
254,test,stayingpower,0,0,,
255,test,stayingpower,0,0,,
256,test,stayingpower,0,0,,
257,test,stayingpower,0,0,,
258,test,stayingpower,0,0,,
259,test,stayingpower,0,0,,
260,test,stayingpower,0,0,,
261,test,stayingpower,0,0,,
262,test,stayingpower,0,0,,
263,test,stayingpower,0,0,,
264,test,stayingpower,0,0,,
265,test,stayingpower,0,0,,
266,test,stayingpower,0,0,,
267,test,stayingpower,0,0,,
268,test,stayingpower,0,0,,
269,test,stayingpower,0,0,,
270,test,stayingpower,0,0,,
271,test,stayingpower,0,0,,
272,test,stayingpower,0,0,,
273,test,stayingpower,0,0,,
274,test,stayingpower,1,1,,
275,test,stayingpower,3,1,,
276,test,stayingpower,0,0,,
277,test,stayingpower,0,0,,
278,test,stayingpower,0,0,,
279,test,stayingpower,0,0,,
280,test,stayingpower,0,0,,
281,test,stayingpower,0,0,,
282,test,stayingpower,0,0,,
283,test,stayingpower,0,0,,
284,test,stayingpower,0,0,,
285,test,stayingpower,0,0,,
286,test,stayingpower,0,0,,
287,test,stayingpower,0,0,,
288,test,stayingpower,0,0,,
289,test,stayingpower,0,0,,
290,test,stayingpower,0,0,,
291,test,stayingpower,1,1,,
292,test,stayingpower,0,0,,
293,test,stayingpower,2,2,,
294,test,stayingpower,0,0,,
295,test,stayingpower,0,0,,
296,test,stayingpower,0,0,,
297,test,stayingpower,0,0,,
298,test,stayingpower,0,0,,
299,test,stayingpower,0,0,,
300,test,stayingpower,0,0,,
301,test,stayingpower,0,0,,
302,test,stayingpower,1,0,,
303,test,stayingpower,2,0,,
304,test,stayingpower,2,2,,
305,test,stayingpower,0,0,,
306,test,stayingpower,0,0,,
307,test,stayingpower,0,0,,
308,test,stayingpower,3,0,,
309,test,stayingpower,0,0,,
310,test,stayingpower,2,0,,
311,test,stayingpower,1,0,,
312,test,stayingpower,0,0,,
313,test,stayingpower,0,0,,
314,test,stayingpower,0,0,,
315,test,stayingpower,0,0,,
316,test,stayingpower,0,0,,
317,test,stayingpower,0,0,,
318,test,stayingpower,0,0,,
319,test,stayingpower,0,0,,
320,test,stayingpower,0,0,,
321,test,stayingpower,0,0,,
322,test,stayingpower,0,0,,
323,test,stayingpower,0,0,,
324,test,stayingpower,0,0,,
325,test,stayingpower,0,0,,
326,test,stayingpower,0,0,,
327,test,stayingpower,0,0,,
328,test,stayingpower,2,0,,
329,test,stayingpower,0,0,,
330,test,stayingpower,1,0,,
331,test,stayingpower,0,0,,
332,test,stayingpower,0,0,,
333,test,stayingpower,0,0,,
334,test,stayingpower,2,2,,
335,test,stayingpower,0,0,,
336,test,stayingpower,0,0,,
337,test,stayingpower,0,0,,
338,test,stayingpower,0,0,,
339,test,stayingpower,0,0,,
340,test,stayingpower,0,0,,
341,test,stayingpower,0,0,,
342,test,stayingpower,0,0,,
343,test,stayingpower,0,0,,
344,test,stayingpower,0,0,,
345,test,stayingpower,0,0,,
346,test,stayingpower,0,0,,
347,test,stayingpower,0,0,,
348,test,stayingpower,0,0,,
349,test,stayingpower,0,0,,
350,test,stayingpower,0,0,,
351,test,stayingpower,1,1,,
352,test,stayingpower,0,0,,
353,test,stayingpower,0,0,,
354,test,stayingpower,0,0,,
355,test,stayingpower,0,0,,
356,test,stayingpower,0,0,,
357,test,stayingpower,0,0,,
358,test,stayingpower,0,0,,
359,test,stayingpower,0,0,,
360,test,stayingpower,0,0,,
361,test,stayingpower,0,0,,
362,test,stayingpower,1,1,,
363,test,stayingpower,0,0,,
364,test,stayingpower,0,0,,
365,test,stayingpower,0,0,,
366,test,stayingpower,0,0,,
367,test,stayingpower,0,0,,
368,test,stayingpower,1,1,,
369,test,stayingpower,0,0,,
370,test,stayingpower,2,0,,
371,test,stayingpower,0,0,,
372,test,stayingpower,0,0,,
373,test,stayingpower,0,0,,
374,test,stayingpower,0,0,,
375,test,stayingpower,0,0,,
376,test,stayingpower,1,0,,
377,test,stayingpower,0,0,,
378,test,stayingpower,2,2,,
379,test,stayingpower,0,0,,
380,test,stayingpower,0,0,,
381,test,stayingpower,0,0,,
382,test,stayingpower,0,0,,
383,test,stayingpower,0,0,,
384,test,stayingpower,0,0,,
385,test,stayingpower,0,0,,
386,test,stayingpower,0,0,,
387,test,stayingpower,2,0,,
388,test,stayingpower,0,0,,
389,test,stayingpower,0,0,,
390,test,stayingpower,0,0,,
391,test,stayingpower,0,0,,
392,test,stayingpower,2,2,,
393,test,stayingpower,1,0,,
394,test,stayingpower,0,0,,
395,test,stayingpower,0,0,,
396,test,stayingpower,1,1,,
397,test,stayingpower,0,0,,
398,test,stayingpower,0,0,,
399,test,stayingpower,0,0,,
400,test,stayingpower,0,0,,
401,test,stayingpower,1,0,,
402,test,stayingpower,0,0,,
403,test,stayingpower,0,0,,
404,test,stayingpower,1,0,,
405,test,stayingpower,0,0,,
406,test,stayingpower,2,2,,
407,test,stayingpower,0,0,,
408,test,stayingpower,0,0,,
409,test,stayingpower,0,0,,
410,test,stayingpower,0,0,,
411,test,stayingpower,0,0,,
412,test,stayingpower,0,0,,
413,test,stayingpower,0,0,,
414,test,stayingpower,0,0,,
415,test,stayingpower,0,0,,
416,test,stayingpower,0,0,,
417,test,stayingpower,0,0,,
418,test,stayingpower,0,0,,
419,test,stayingpower,0,0,,
420,test,stayingpower,0,0,,
421,test,stayingpower,0,0,,
422,test,stayingpower,0,0,,
423,test,stayingpower,0,0,,
424,test,stayingpower,0,0,,
425,test,stayingpower,0,0,,
426,test,stayingpower,0,0,,
427,test,stayingpower,0,0,,
428,test,stayingpower,0,0,,
429,test,stayingpower,0,0,,
430,test,stayingpower,0,0,,
431,test,stayingpower,0,0,,
432,test,stayingpower,0,0,,
433,test,stayingpower,0,0,,
434,test,stayingpower,0,0,,
435,test,stayingpower,0,0,,
436,test,stayingpower,0,0,,
437,test,stayingpower,0,0,,
438,test,stayingpower,0,0,,
439,test,stayingpower,1,0,,
440,test,stayingpower,0,0,,
441,test,stayingpower,2,2,,
442,test,stayingpower,0,0,,
443,test,stayingpower,1,0,,
444,test,stayingpower,0,0,,
445,test,stayingpower,2,0,,
446,test,stayingpower,0,0,,
447,test,stayingpower,0,0,,
448,test,stayingpower,0,0,,
449,test,stayingpower,1,0,,
450,test,stayingpower,2,2,,
451,test,stayingpower,0,0,,
452,test,stayingpower,0,0,,
453,test,stayingpower,0,0,,
454,test,stayingpower,0,0,,
455,test,stayingpower,0,0,,
456,test,stayingpower,0,0,,
457,test,stayingpower,0,0,,
458,test,stayingpower,2,2,,
459,test,stayingpower,0,0,,
460,test,stayingpower,0,0,,
461,test,stayingpower,0,0,,
462,test,stayingpower,0,0,,
463,test,stayingpower,0,0,,
464,test,stayingpower,1,0,,
465,test,stayingpower,0,0,,
466,test,stayingpower,0,0,,
467,test,stayingpower,0,0,,
468,test,stayingpower,0,0,,
469,test,stayingpower,0,0,,
470,test,stayingpower,0,0,,
471,test,stayingpower,0,0,,
472,test,stayingpower,1,1,,
473,test,stayingpower,0,0,,
474,test,stayingpower,0,0,,
475,test,stayingpower,0,0,,
476,test,stayingpower,0,0,,
477,test,stayingpower,0,0,,
478,test,stayingpower,0,0,,
479,test,stayingpower,0,0,,
480,test,stayingpower,0,0,,
481,test,stayingpower,0,0,,
482,test,stayingpower,0,0,,
483,test,stayingpower,0,0,,
484,test,stayingpower,1,0,,
485,test,stayingpower,0,0,,
486,test,stayingpower,2,2,,
487,test,stayingpower,0,0,,
488,test,stayingpower,0,0,,
489,test,stayingpower,1,2,,
490,test,stayingpower,0,0,,
491,test,stayingpower,0,0,,
492,test,stayingpower,0,0,,
493,test,stayingpower,0,2,,
494,test,stayingpower,0,0,,
495,test,stayingpower,0,0,,
496,test,stayingpower,0,0,,
497,test,stayingpower,0,0,,
498,test,stayingpower,0,0,,
499,test,stayingpower,2,2,,
500,test,stayingpower,3,0,,
501,test,stayingpower,3,2,,
502,test,stayingpower,0,0,,
503,test,stayingpower,2,2,,
504,test,stayingpower,0,0,,
505,test,stayingpower,0,0,,
506,test,stayingpower,0,0,,
507,test,stayingpower,0,0,,
508,test,stayingpower,0,0,,
509,test,stayingpower,1,0,,
510,test,stayingpower,0,0,,
511,test,stayingpower,0,0,,
512,test,stayingpower,2,2,,
513,test,stayingpower,0,0,,
514,test,stayingpower,2,2,,
515,test,stayingpower,0,0,,
516,test,stayingpower,0,0,,
517,test,stayingpower,0,0,,
518,test,stayingpower,3,0,,
519,test,stayingpower,0,0,,
520,test,stayingpower,0,0,,
521,test,stayingpower,0,0,,
522,test,stayingpower,0,0,,
523,test,stayingpower,0,0,,
524,test,stayingpower,0,0,,
525,test,stayingpower,0,0,,
526,test,stayingpower,0,0,,
527,test,stayingpower,1,0,,
528,test,stayingpower,0,0,,
529,test,stayingpower,0,0,,
530,test,stayingpower,0,0,,
531,test,stayingpower,0,0,,
532,test,stayingpower,0,0,,
533,test,stayingpower,0,0,,
534,test,stayingpower,0,0,,
535,test,stayingpower,0,0,,
536,test,stayingpower,0,0,,
537,test,stayingpower,0,0,,
538,test,stayingpower,0,0,,
539,test,stayingpower,0,0,,
540,test,stayingpower,2,2,,
541,test,stayingpower,0,0,,
542,test,stayingpower,2,2,,
543,test,stayingpower,0,0,,
544,test,stayingpower,0,0,,
545,test,stayingpower,0,0,,
546,test,stayingpower,0,0,,
547,test,stayingpower,0,0,,
548,test,stayingpower,0,0,,
549,test,stayingpower,0,0,,
550,test,stayingpower,1,1,,
551,test,stayingpower,0,0,,
552,test,stayingpower,0,0,,
553,test,stayingpower,0,0,,
554,test,stayingpower,3,2,,
555,test,stayingpower,0,0,,
556,test,stayingpower,0,0,,
557,test,stayingpower,0,0,,
558,test,stayingpower,0,0,,
559,test,stayingpower,2,0,,
560,test,stayingpower,0,0,,
561,test,stayingpower,0,0,,
562,test,stayingpower,0,0,,
563,test,stayingpower,0,0,,
564,test,stayingpower,0,0,,
565,test,stayingpower,0,0,,
566,test,stayingpower,0,0,,
567,test,stayingpower,0,0,,
568,test,stayingpower,0,0,,
569,test,stayingpower,0,0,,
570,test,stayingpower,0,0,,
571,test,stayingpower,0,0,,
572,test,stayingpower,0,0,,
573,test,stayingpower,0,0,,
574,test,stayingpower,0,0,,
575,test,stayingpower,0,0,,
576,test,stayingpower,0,0,,
577,test,stayingpower,0,0,,
578,test,stayingpower,0,0,,
579,test,stayingpower,0,0,,
580,test,stayingpower,0,0,,
581,test,stayingpower,0,0,,
582,test,stayingpower,0,0,,
583,test,stayingpower,0,0,,
584,test,stayingpower,0,0,,
585,test,stayingpower,0,0,,
586,test,stayingpower,0,0,,
587,test,stayingpower,0,0,,
588,test,stayingpower,0,0,,
589,test,stayingpower,0,0,,
590,test,stayingpower,0,0,,
591,test,stayingpower,0,0,,
592,test,stayingpower,0,0,,
593,test,stayingpower,1,0,,
594,test,stayingpower,0,0,,
595,test,stayingpower,0,0,,
596,test,stayingpower,0,0,,
597,test,stayingpower,0,0,,
598,test,stayingpower,0,0,,
599,test,stayingpower,1,0,,
600,test,stayingpower,0,0,,
601,test,stayingpower,0,0,,
602,test,stayingpower,0,0,,
603,test,stayingpower,0,0,,
604,test,stayingpower,3,0,,
605,test,stayingpower,0,0,,
606,test,stayingpower,0,0,,
607,test,stayingpower,0,0,,
608,test,stayingpower,1,0,,
609,test,stayingpower,2,2,,
610,test,stayingpower,0,0,,
611,test,stayingpower,0,2,,
612,test,stayingpower,0,0,,
613,test,stayingpower,2,2,,
614,test,stayingpower,0,0,,
615,test,stayingpower,0,0,,
616,test,stayingpower,2,0,,
617,test,stayingpower,0,0,,
618,test,stayingpower,0,0,,
619,test,stayingpower,2,0,,
620,test,stayingpower,0,0,,
621,test,stayingpower,0,0,,
622,test,stayingpower,0,0,,
623,test,stayingpower,0,0,,
624,test,stayingpower,0,0,,
625,test,stayingpower,0,0,,
626,test,stayingpower,1,0,,
627,test,stayingpower,0,0,,
628,test,stayingpower,0,0,,
629,test,stayingpower,0,0,,
630,test,stayingpower,0,0,,
631,test,stayingpower,0,0,,
632,test,stayingpower,1,0,,
633,test,stayingpower,0,0,,
634,test,stayingpower,0,0,,
635,test,stayingpower,2,2,,
636,test,stayingpower,0,0,,
637,test,stayingpower,1,0,,
638,test,stayingpower,0,0,,
639,test,stayingpower,0,0,,
640,test,stayingpower,1,0,,
641,test,stayingpower,0,0,,
642,test,stayingpower,1,2,,
643,test,stayingpower,0,0,,
644,test,stayingpower,0,0,,
645,test,stayingpower,0,0,,
646,test,stayingpower,1,1,,
647,test,stayingpower,0,0,,
648,test,stayingpower,0,0,,
649,test,stayingpower,0,0,,
650,test,stayingpower,0,0,,
651,test,stayingpower,0,0,,
652,test,stayingpower,1,1,,
653,test,stayingpower,0,0,,
654,test,stayingpower,0,0,,
655,test,stayingpower,0,0,,
656,test,stayingpower,0,0,,
657,test,stayingpower,0,0,,
658,test,stayingpower,0,0,,
659,test,stayingpower,1,0,,
660,test,stayingpower,2,0,,
661,test,stayingpower,0,0,,
662,test,stayingpower,0,0,,
663,test,stayingpower,2,2,,
664,test,stayingpower,0,0,,
665,test,stayingpower,0,0,,
666,test,stayingpower,0,0,,
667,test,stayingpower,0,0,,
668,test,stayingpower,0,0,,
669,test,stayingpower,0,0,,
670,test,stayingpower,0,0,,
671,test,stayingpower,0,0,,
672,test,stayingpower,0,0,,
673,test,stayingpower,0,0,,
674,test,stayingpower,0,0,,
675,test,stayingpower,0,0,,
676,test,stayingpower,0,0,,
677,test,stayingpower,0,0,,
678,test,stayingpower,0,0,,
679,test,stayingpower,0,0,,
680,test,stayingpower,0,0,,
681,test,stayingpower,0,0,,
682,test,stayingpower,0,0,,
683,test,stayingpower,0,0,,
684,test,stayingpower,0,0,,
685,test,stayingpower,0,0,,
686,test,stayingpower,0,0,,
687,test,stayingpower,3,0,,
688,test,stayingpower,0,0,,
689,test,stayingpower,0,0,,
690,test,stayingpower,0,0,,
691,test,stayingpower,0,0,,
692,test,stayingpower,0,0,,
693,test,stayingpower,2,2,,
694,test,stayingpower,0,0,,
695,test,stayingpower,0,0,,
696,test,stayingpower,0,0,,
697,test,stayingpower,0,0,,
698,test,stayingpower,0,0,,
699,test,stayingpower,0,0,,
700,test,stayingpower,0,0,,
701,test,stayingpower,0,0,,
702,test,stayingpower,0,0,,
703,test,stayingpower,0,0,,
704,test,stayingpower,0,0,,
705,test,stayingpower,0,0,,
706,test,stayingpower,2,2,,
707,test,stayingpower,0,0,,
708,test,stayingpower,1,1,,
709,test,stayingpower,0,0,,
710,test,stayingpower,0,0,,
711,test,stayingpower,1,1,,
712,test,stayingpower,0,0,,
713,test,stayingpower,0,0,,
714,test,stayingpower,0,0,,
715,test,stayingpower,0,0,,
716,test,stayingpower,0,0,,
717,test,stayingpower,0,0,,
718,test,stayingpower,0,0,,
719,test,stayingpower,0,0,,
720,test,stayingpower,0,0,,
721,test,stayingpower,0,0,,
722,test,stayingpower,0,0,,
723,test,stayingpower,0,0,,
724,test,stayingpower,0,0,,
725,test,stayingpower,0,0,,
726,test,stayingpower,0,0,,
727,test,stayingpower,0,0,,
728,test,stayingpower,0,0,,
729,test,stayingpower,0,0,,
730,test,stayingpower,0,0,,
731,test,stayingpower,0,0,,
732,test,stayingpower,2,2,,
733,test,stayingpower,0,0,,
734,test,stayingpower,2,2,,
735,test,stayingpower,0,0,,
736,test,stayingpower,0,0,,
737,test,stayingpower,0,0,,
738,test,stayingpower,0,0,,
739,test,stayingpower,3,0,,
740,test,stayingpower,0,0,,
741,test,stayingpower,0,0,,
742,test,stayingpower,0,0,,
743,test,stayingpower,1,0,,
744,test,stayingpower,0,0,,
745,test,stayingpower,0,0,,
746,test,stayingpower,0,0,,
747,test,stayingpower,0,0,,
748,test,stayingpower,0,0,,
749,test,stayingpower,0,0,,
750,test,stayingpower,0,0,,
751,test,stayingpower,0,0,,
752,test,stayingpower,0,0,,
753,test,stayingpower,0,0,,
754,test,stayingpower,0,0,,
755,test,stayingpower,3,0,,
756,test,stayingpower,0,0,,
757,test,stayingpower,0,0,,
758,test,stayingpower,0,0,,
759,test,stayingpower,0,0,,
760,test,stayingpower,0,0,,
761,test,stayingpower,0,0,,
762,test,stayingpower,0,0,,
763,test,stayingpower,0,0,,
764,test,stayingpower,0,0,,
765,test,stayingpower,3,0,,
766,test,stayingpower,1,0,,
767,test,stayingpower,1,1,,
768,test,stayingpower,0,0,,
769,test,stayingpower,0,0,,
770,test,stayingpower,0,0,,
771,test,stayingpower,0,0,,
772,test,stayingpower,1,0,,
773,test,stayingpower,0,0,,
774,test,stayingpower,0,0,,
775,test,stayingpower,0,0,,
776,test,stayingpower,0,0,,
777,test,stayingpower,0,0,,
778,test,stayingpower,0,0,,
779,test,stayingpower,0,0,,
780,test,stayingpower,1,0,,
781,test,stayingpower,0,0,,
782,test,stayingpower,0,0,,
783,test,stayingpower,0,0,,
784,test,stayingpower,0,0,,
785,test,stayingpower,0,0,,
786,test,stayingpower,0,0,,
787,test,stayingpower,0,0,,
788,test,stayingpower,0,0,,
789,test,stayingpower,0,0,,
790,test,stayingpower,0,0,,
791,test,stayingpower,0,0,,
792,test,stayingpower,0,0,,
793,test,stayingpower,0,0,,
794,test,stayingpower,0,0,,
795,test,stayingpower,0,0,,
796,test,stayingpower,0,0,,
797,test,stayingpower,0,0,,
798,test,stayingpower,0,2,,
799,test,stayingpower,0,0,,
800,test,stayingpower,1,0,,
801,test,stayingpower,3,0,,
802,test,stayingpower,0,0,,
803,test,stayingpower,0,0,,
804,test,stayingpower,0,0,,
805,test,stayingpower,1,2,,
806,test,stayingpower,1,1,,
807,test,stayingpower,2,2,,
808,test,stayingpower,0,0,,
809,test,stayingpower,0,0,,
810,test,stayingpower,3,0,,
811,test,stayingpower,2,2,,
812,test,stayingpower,0,0,,
813,test,stayingpower,3,2,,
814,test,stayingpower,2,2,,
815,test,stayingpower,0,0,,
816,test,stayingpower,0,0,,
817,test,stayingpower,0,0,,
818,test,stayingpower,0,0,,
819,test,stayingpower,0,0,,
820,test,stayingpower,0,0,,
821,test,stayingpower,0,0,,
822,test,stayingpower,0,0,,
823,test,stayingpower,0,0,,
824,test,stayingpower,0,0,,
825,test,stayingpower,0,0,,
826,test,stayingpower,0,0,,
827,test,stayingpower,1,1,,
828,test,stayingpower,0,0,,
829,test,stayingpower,1,1,,
830,test,stayingpower,0,0,,
831,test,stayingpower,2,2,,
832,test,stayingpower,0,0,,
833,test,stayingpower,0,0,,
834,test,stayingpower,0,0,,
835,test,stayingpower,2,2,,
836,test,stayingpower,1,1,,
837,test,stayingpower,0,0,,
838,test,stayingpower,1,0,,
839,test,stayingpower,2,2,,
840,test,stayingpower,0,0,,
841,test,stayingpower,0,0,,
842,test,stayingpower,0,0,,
843,test,stayingpower,0,0,,
844,test,stayingpower,0,0,,
845,test,stayingpower,0,0,,
846,test,stayingpower,0,0,,
847,test,stayingpower,1,1,,
848,test,stayingpower,0,0,,
849,test,stayingpower,2,2,,
850,test,stayingpower,0,0,,
851,test,stayingpower,0,0,,
852,test,stayingpower,0,0,,
853,test,stayingpower,0,0,,
854,test,stayingpower,0,0,,
855,test,stayingpower,1,0,,
856,test,stayingpower,1,1,,
857,test,stayingpower,0,0,,
858,test,stayingpower,0,0,,
859,test,stayingpower,0,0,,
860,test,stayingpower,0,0,,
861,test,stayingpower,3,2,,
862,test,stayingpower,0,0,,
863,test,stayingpower,2,0,,
864,test,stayingpower,1,1,,
865,test,stayingpower,0,0,,
866,test,stayingpower,0,0,,
867,test,stayingpower,1,0,,
868,test,stayingpower,2,1,,
869,test,stayingpower,0,0,,
870,test,stayingpower,2,2,,
871,test,stayingpower,0,0,,
872,test,stayingpower,0,0,,
873,test,stayingpower,0,0,,
874,test,stayingpower,0,0,,
875,test,stayingpower,0,0,,
876,test,stayingpower,0,2,,
877,test,stayingpower,0,0,,
878,test,stayingpower,0,0,,
879,test,stayingpower,0,0,,
880,test,stayingpower,0,0,,
881,test,stayingpower,0,0,,
882,test,stayingpower,1,0,,
883,test,stayingpower,0,0,,
884,test,stayingpower,0,0,,
885,test,stayingpower,0,0,,
886,test,stayingpower,0,0,,
887,test,stayingpower,0,0,,
888,test,stayingpower,0,0,,
889,test,stayingpower,0,0,,
890,test,stayingpower,0,0,,
891,test,stayingpower,2,0,,
892,test,stayingpower,0,0,,
893,test,stayingpower,0,0,,
894,test,stayingpower,1,0,,
895,test,stayingpower,0,0,,
896,test,stayingpower,0,0,,
897,test,stayingpower,0,0,,
898,test,stayingpower,0,0,,
899,test,stayingpower,2,0,,
900,test,stayingpower,1,1,,
901,test,stayingpower,0,0,,
902,test,stayingpower,0,0,,
903,test,stayingpower,1,1,,
904,test,stayingpower,0,0,,
905,test,stayingpower,0,0,,
906,test,stayingpower,1,0,,
907,test,stayingpower,2,2,,
908,test,stayingpower,0,0,,
909,test,stayingpower,1,1,,
910,test,stayingpower,0,0,,
911,test,stayingpower,0,0,,
912,test,stayingpower,0,0,,
913,test,stayingpower,2,2,,
914,test,stayingpower,3,2,,
915,test,stayingpower,0,0,,
916,test,stayingpower,0,0,,
917,test,stayingpower,0,0,,
918,test,stayingpower,0,0,,
919,test,stayingpower,0,0,,
920,test,stayingpower,0,0,,
921,test,stayingpower,0,0,,
922,test,stayingpower,0,0,,
923,test,stayingpower,0,0,,
924,test,stayingpower,0,0,,
925,test,stayingpower,1,1,,
926,test,stayingpower,0,0,,
927,test,stayingpower,0,0,,
928,test,stayingpower,1,1,,
929,test,stayingpower,0,0,,
930,test,stayingpower,0,0,,
931,test,stayingpower,0,0,,
932,test,stayingpower,1,1,,
933,test,stayingpower,0,0,,
934,test,stayingpower,0,0,,
935,test,stayingpower,1,0,,
936,test,stayingpower,0,0,,
937,test,stayingpower,0,0,,
938,test,stayingpower,0,0,,
939,test,stayingpower,3,0,,
940,test,stayingpower,0,0,,
941,test,stayingpower,2,0,,
942,test,stayingpower,0,0,,
943,test,stayingpower,3,0,,
944,test,stayingpower,0,0,,
945,test,stayingpower,1,1,,
946,test,stayingpower,0,0,,
947,test,stayingpower,0,0,,
948,test,stayingpower,0,0,,
949,test,stayingpower,0,0,,
950,test,stayingpower,0,0,,
951,test,stayingpower,0,0,,
952,test,stayingpower,0,0,,
953,test,stayingpower,0,0,,
954,test,stayingpower,0,0,,
955,test,stayingpower,0,0,,
956,test,stayingpower,0,0,,
957,test,stayingpower,0,0,,
958,test,stayingpower,0,0,,
959,test,stayingpower,3,0,,
960,test,stayingpower,0,0,,
961,test,stayingpower,2,2,,
962,test,stayingpower,0,0,,
963,test,stayingpower,0,0,,
964,test,stayingpower,0,0,,
965,test,stayingpower,2,0,,
966,test,stayingpower,0,0,,
967,test,stayingpower,1,1,,
968,test,stayingpower,0,0,,
969,test,stayingpower,0,0,,
970,test,stayingpower,0,0,,
971,test,stayingpower,0,0,,
972,test,stayingpower,1,1,,
973,test,stayingpower,0,0,,
974,test,stayingpower,0,0,,
975,test,stayingpower,0,0,,
976,test,stayingpower,2,2,,
977,test,stayingpower,0,0,,
978,test,stayingpower,0,0,,
979,test,stayingpower,0,2,,
980,test,stayingpower,0,0,,
981,test,stayingpower,0,0,,
982,test,stayingpower,0,0,,
983,test,stayingpower,0,0,,
984,test,stayingpower,0,0,,
985,test,stayingpower,0,0,,
986,test,stayingpower,0,0,,
987,test,stayingpower,0,0,,
988,test,stayingpower,1,1,,
989,test,stayingpower,2,2,,
990,test,stayingpower,0,0,,
991,test,stayingpower,0,0,,
992,test,stayingpower,0,0,,
993,test,stayingpower,1,1,,
994,test,stayingpower,0,0,,
995,test,stayingpower,3,1,,
996,test,stayingpower,0,0,,
997,test,stayingpower,0,0,,
998,test,stayingpower,2,2,,
999,test,stayingpower,3,0,,
1000,test,stayingpower,2,2,,
1001,test,stayingpower,0,0,,
1002,test,stayingpower,0,0,,
1003,test,stayingpower,0,0,,
1004,test,stayingpower,0,0,,
1005,test,stayingpower,0,0,,
1006,test,stayingpower,1,1,,
1007,test,stayingpower,0,0,,
1008,test,stayingpower,0,0,,
1009,test,stayingpower,0,0,,
1010,test,stayingpower,0,0,,
1011,test,stayingpower,0,0,,
1012,test,stayingpower,0,0,,
1013,test,stayingpower,0,0,,
1014,test,stayingpower,0,0,,
1015,test,stayingpower,0,0,,
1016,test,stayingpower,0,0,,
1017,test,stayingpower,0,0,,
1018,test,stayingpower,0,0,,
1019,test,stayingpower,0,0,,
1020,test,stayingpower,0,0,,
1021,test,stayingpower,0,0,,
1022,test,stayingpower,0,0,,
1023,test,stayingpower,0,0,,
1024,test,stayingpower,0,0,,
1025,test,stayingpower,0,0,,
1026,test,stayingpower,1,0,,
1027,test,stayingpower,2,2,,
1028,test,stayingpower,0,0,,
1029,test,stayingpower,1,1,,
1030,test,stayingpower,0,0,,
1031,test,stayingpower,0,0,,
1032,test,stayingpower,1,2,,
1033,test,stayingpower,0,0,,
1034,test,stayingpower,0,0,,
1035,test,stayingpower,0,0,,
1036,test,stayingpower,0,0,,
1037,test,stayingpower,0,0,,
1038,test,stayingpower,1,1,,
1039,test,stayingpower,0,0,,
1040,test,stayingpower,0,0,,
1041,test,stayingpower,0,0,,
1042,test,stayingpower,1,0,,
1043,test,stayingpower,0,0,,
1044,test,stayingpower,0,0,,
1045,test,stayingpower,0,0,,
1046,test,stayingpower,0,0,,
1047,test,stayingpower,0,0,,
1048,test,stayingpower,0,0,,
1049,test,stayingpower,0,0,,
1050,test,stayingpower,0,0,,
1051,test,stayingpower,0,0,,
1052,test,stayingpower,0,0,,
1053,test,stayingpower,0,0,,
1054,test,stayingpower,0,0,,
1055,test,stayingpower,0,0,,
1056,test,stayingpower,0,0,,
1057,test,stayingpower,0,0,,
1058,test,stayingpower,0,0,,
1059,test,stayingpower,0,0,,
1060,test,stayingpower,0,0,,
1061,test,stayingpower,0,0,,
1062,test,stayingpower,1,1,,
1063,test,stayingpower,0,0,,
1064,test,stayingpower,0,0,,
1065,test,stayingpower,0,0,,
1066,test,stayingpower,0,0,,
1067,test,stayingpower,0,0,,
1068,test,stayingpower,0,0,,
1069,test,stayingpower,0,0,,
1070,test,stayingpower,0,0,,
1071,test,stayingpower,0,0,,
1072,test,stayingpower,0,0,,
1073,test,stayingpower,0,0,,
1074,test,stayingpower,0,0,,
1075,test,stayingpower,0,0,,
1076,test,stayingpower,1,1,,
1077,test,stayingpower,0,0,,
1078,test,stayingpower,0,0,,
1079,test,stayingpower,0,0,,
1080,test,stayingpower,0,0,,
1081,test,stayingpower,0,0,,
1082,test,stayingpower,0,0,,
1083,test,stayingpower,0,0,,
1084,test,stayingpower,0,0,,
1085,test,stayingpower,0,0,,
1086,test,stayingpower,0,0,,
1087,test,stayingpower,0,0,,
1088,test,stayingpower,0,0,,
1089,test,stayingpower,0,0,,
1090,test,stayingpower,0,0,,
1091,test,stayingpower,0,0,,
1092,test,stayingpower,3,0,,
1093,test,stayingpower,0,0,,
1094,test,stayingpower,1,1,,
1095,test,stayingpower,0,0,,
1096,test,stayingpower,0,0,,
1097,test,stayingpower,0,0,,
1098,test,stayingpower,0,0,,
1099,test,stayingpower,0,0,,
1100,test,stayingpower,0,0,,
1101,test,stayingpower,1,2,,
1102,test,stayingpower,0,0,,
1103,test,stayingpower,0,0,,
1104,test,stayingpower,0,0,,
1105,test,stayingpower,0,0,,
1106,test,stayingpower,0,0,,
1107,test,stayingpower,0,0,,
1108,test,stayingpower,0,0,,
1109,test,stayingpower,0,0,,
1110,test,stayingpower,2,0,,
1111,test,stayingpower,2,2,,
1112,test,stayingpower,0,0,,
1113,test,stayingpower,0,0,,
1114,test,stayingpower,0,0,,
1115,test,stayingpower,0,0,,
1116,test,stayingpower,0,0,,
1117,test,stayingpower,0,0,,
1118,test,stayingpower,1,0,,
1119,test,stayingpower,0,0,,
1120,test,stayingpower,0,0,,
1121,test,stayingpower,0,0,,
1122,test,stayingpower,0,0,,
1123,test,stayingpower,2,2,,
1124,test,stayingpower,0,0,,
1125,test,stayingpower,1,0,,
1126,test,stayingpower,0,0,,
1127,test,stayingpower,0,0,,
1128,test,stayingpower,0,0,,
1129,test,stayingpower,0,0,,
1130,test,stayingpower,0,0,,
1131,test,stayingpower,0,0,,
1132,test,stayingpower,0,0,,
1133,test,stayingpower,0,0,,
1134,test,stayingpower,0,0,,
1135,test,stayingpower,3,0,,
1136,test,stayingpower,0,0,,
1137,test,stayingpower,0,0,,
1138,test,stayingpower,0,0,,
1139,test,stayingpower,0,0,,
1140,test,stayingpower,0,0,,
1141,test,stayingpower,0,0,,
1142,test,stayingpower,0,0,,
1143,test,stayingpower,0,0,,
1144,test,stayingpower,0,0,,
1145,test,stayingpower,0,0,,
1146,test,stayingpower,0,0,,
1147,test,stayingpower,0,0,,
1148,test,stayingpower,0,0,,
1149,test,stayingpower,0,0,,
1150,test,stayingpower,0,0,,
1151,test,stayingpower,0,0,,
1152,test,stayingpower,0,0,,
1153,test,stayingpower,0,0,,
1154,test,stayingpower,0,0,,
1155,test,stayingpower,0,0,,
1156,test,stayingpower,2,2,,
1157,test,stayingpower,1,0,,
1158,test,stayingpower,0,0,,
1159,test,stayingpower,0,0,,
1160,test,stayingpower,0,0,,
1161,test,stayingpower,1,0,,
1162,test,stayingpower,0,0,,
1163,test,stayingpower,0,0,,
1164,test,stayingpower,0,0,,
1165,test,stayingpower,0,0,,
1166,test,stayingpower,0,0,,
1167,test,stayingpower,0,0,,
1168,test,stayingpower,0,0,,
1169,test,stayingpower,0,0,,
1170,test,stayingpower,0,0,,
1171,test,stayingpower,1,0,,
1172,test,stayingpower,0,0,,
1173,test,stayingpower,0,0,,
1174,test,stayingpower,1,0,,
1175,test,stayingpower,0,0,,
1176,test,stayingpower,0,0,,
1177,test,stayingpower,0,0,,
1178,test,stayingpower,0,0,,
1179,test,stayingpower,0,0,,
1180,test,stayingpower,2,2,,
1181,test,stayingpower,0,0,,
1182,test,stayingpower,0,0,,
1183,test,stayingpower,0,0,,
1184,test,stayingpower,0,0,,
1185,test,stayingpower,0,0,,
1186,test,stayingpower,0,0,,
1187,test,stayingpower,0,0,,
1188,test,stayingpower,2,2,,
1189,test,stayingpower,0,0,,
1190,test,stayingpower,2,2,,
1191,test,stayingpower,0,0,,
1192,test,stayingpower,0,0,,
1193,test,stayingpower,2,2,,
1194,test,stayingpower,0,0,,
1195,test,stayingpower,0,0,,
1196,test,stayingpower,0,0,,
1197,test,stayingpower,0,0,,
1198,test,stayingpower,0,0,,
1199,test,stayingpower,1,0,,
1200,test,stayingpower,0,0,,
1201,test,stayingpower,0,0,,
1202,test,stayingpower,0,0,,
1203,test,stayingpower,0,0,,
1204,test,stayingpower,0,0,,
1205,test,stayingpower,0,0,,
1206,test,stayingpower,0,0,,
1207,test,stayingpower,0,0,,
1208,test,stayingpower,0,0,,
1209,test,stayingpower,0,0,,
1210,test,stayingpower,0,0,,
1211,test,stayingpower,0,0,,
1212,test,stayingpower,0,0,,
1213,test,stayingpower,0,0,,
1214,test,stayingpower,0,0,,
1215,test,stayingpower,0,0,,
1216,test,stayingpower,0,0,,
1217,test,stayingpower,0,0,,
1218,test,stayingpower,0,0,,
1219,test,stayingpower,0,0,,
1220,test,stayingpower,0,0,,
1221,test,stayingpower,0,0,,
1222,test,stayingpower,0,0,,
1223,test,stayingpower,0,0,,
1224,test,stayingpower,0,0,,
1225,test,stayingpower,0,0,,
1226,test,stayingpower,0,0,,
1227,test,stayingpower,2,0,,
1228,test,stayingpower,0,0,,
1229,test,stayingpower,0,0,,
1230,test,stayingpower,0,0,,
1231,test,stayingpower,0,0,,
1232,test,stayingpower,0,0,,
1233,test,stayingpower,0,0,,
1234,test,stayingpower,0,2,,
1235,test,stayingpower,0,0,,
1236,test,stayingpower,0,0,,
1237,test,stayingpower,0,0,,
1238,test,stayingpower,0,0,,
1239,test,stayingpower,0,0,,
1240,test,stayingpower,0,0,,
1241,test,stayingpower,3,2,,
1242,test,stayingpower,0,0,,
1243,test,stayingpower,0,0,,
1244,test,stayingpower,2,0,,
1245,test,stayingpower,0,0,,
1246,test,stayingpower,0,0,,
1247,test,stayingpower,0,0,,
1248,test,stayingpower,1,0,,
1249,test,stayingpower,2,0,,
1250,test,stayingpower,0,0,,
1251,test,stayingpower,2,2,,
1252,test,stayingpower,0,0,,
1253,test,stayingpower,0,0,,
1254,test,stayingpower,0,0,,
1255,test,stayingpower,0,0,,
1256,test,stayingpower,0,0,,
1257,test,stayingpower,1,1,,
1258,test,stayingpower,2,2,,
1259,test,stayingpower,1,1,,
1260,test,stayingpower,2,2,,
1261,test,stayingpower,0,0,,
1262,test,stayingpower,0,0,,
1263,test,stayingpower,0,0,,
1264,test,stayingpower,0,0,,
1265,test,stayingpower,0,0,,
1266,test,stayingpower,0,0,,
1267,test,stayingpower,0,0,,
1268,test,stayingpower,0,0,,
1269,test,stayingpower,0,0,,
1270,test,stayingpower,1,1,,
1271,test,stayingpower,0,0,,
1272,test,stayingpower,0,0,,
1273,test,stayingpower,1,1,,
1274,test,stayingpower,0,0,,
1275,test,stayingpower,1,1,,
1276,test,stayingpower,0,0,,
1277,test,stayingpower,0,0,,
1278,test,stayingpower,0,0,,
1279,test,stayingpower,0,0,,
1280,test,stayingpower,0,0,,
1281,test,stayingpower,0,0,,
1282,test,stayingpower,0,0,,
1283,test,stayingpower,0,0,,
1284,test,stayingpower,2,2,,
1285,test,stayingpower,0,0,,
1286,test,stayingpower,0,0,,
1287,test,stayingpower,0,0,,
1288,test,stayingpower,0,0,,
1289,test,stayingpower,0,0,,
1290,test,stayingpower,0,0,,
1291,test,stayingpower,2,2,,
1292,test,stayingpower,0,0,,
1293,test,stayingpower,0,0,,
1294,test,stayingpower,0,0,,
1295,test,stayingpower,0,0,,
1296,test,stayingpower,1,1,,
1297,test,stayingpower,0,0,,
1298,test,stayingpower,1,1,,
1299,test,stayingpower,0,0,,
1300,test,stayingpower,0,0,,
1301,test,stayingpower,0,0,,
1302,test,stayingpower,0,0,,
1303,test,stayingpower,0,0,,
1304,test,stayingpower,0,0,,
1305,test,stayingpower,0,0,,
1306,test,stayingpower,1,0,,
1307,test,stayingpower,0,0,,
1308,test,stayingpower,0,0,,
1309,test,stayingpower,1,0,,
1310,test,stayingpower,0,0,,
1311,test,stayingpower,1,0,,
1312,test,stayingpower,0,0,,
1313,test,stayingpower,0,0,,
1314,test,stayingpower,0,0,,
1315,test,stayingpower,3,2,,
1316,test,stayingpower,0,0,,
1317,test,stayingpower,2,2,,
1318,test,stayingpower,0,0,,
1319,test,stayingpower,0,0,,
1320,test,stayingpower,0,0,,
1321,test,stayingpower,0,0,,
1322,test,stayingpower,0,0,,
1323,test,stayingpower,1,0,,
1324,test,stayingpower,0,0,,
1325,test,stayingpower,0,0,,
1326,test,stayingpower,2,2,,
1327,test,stayingpower,0,0,,
1328,test,stayingpower,0,0,,
1329,test,stayingpower,0,0,,
1330,test,stayingpower,0,0,,
1331,test,stayingpower,1,0,,
1332,test,stayingpower,0,0,,
1333,test,stayingpower,0,0,,
1334,test,stayingpower,2,0,,
1335,test,stayingpower,0,0,,
1336,test,stayingpower,0,0,,
1337,test,stayingpower,0,0,,
1338,test,stayingpower,0,0,,
1339,test,stayingpower,0,0,,
1340,test,stayingpower,0,0,,
1341,test,stayingpower,0,0,,
1342,test,stayingpower,0,0,,
1343,test,stayingpower,0,0,,
1344,test,stayingpower,0,0,,
1345,test,stayingpower,3,2,,
1346,test,stayingpower,0,0,,
1347,test,stayingpower,0,0,,
1348,test,stayingpower,0,0,,
1349,test,stayingpower,0,0,,
1350,test,stayingpower,1,0,,
1351,test,stayingpower,0,0,,
1352,test,stayingpower,0,0,,
1353,test,stayingpower,0,0,,
1354,test,stayingpower,0,0,,
1355,test,stayingpower,0,0,,
1356,test,stayingpower,0,0,,
1357,test,stayingpower,0,0,,
1358,test,stayingpower,2,0,,
1359,test,stayingpower,0,0,,
1360,test,stayingpower,0,0,,
1361,test,stayingpower,1,0,,
1362,test,stayingpower,0,0,,
1363,test,stayingpower,0,0,,
1364,test,stayingpower,0,0,,
1365,test,stayingpower,0,0,,
1366,test,stayingpower,0,0,,
1367,test,stayingpower,0,0,,
1368,test,stayingpower,1,1,,
1369,test,stayingpower,0,0,,
1370,test,stayingpower,0,0,,
1371,test,stayingpower,0,0,,
1372,test,stayingpower,0,0,,
1373,test,stayingpower,0,0,,
1374,test,stayingpower,0,0,,
1375,test,stayingpower,0,0,,
1376,test,stayingpower,2,2,,
1377,test,stayingpower,0,0,,
1378,test,stayingpower,0,0,,
1379,test,stayingpower,0,0,,
1380,test,stayingpower,0,0,,
1381,test,stayingpower,0,0,,
1382,test,stayingpower,0,0,,
1383,test,stayingpower,0,0,,
1384,test,stayingpower,0,0,,
1385,test,stayingpower,0,0,,
1386,test,stayingpower,0,0,,
1387,test,stayingpower,0,0,,
1388,test,stayingpower,0,0,,
1389,test,stayingpower,0,0,,
1390,test,stayingpower,0,0,,
1391,test,stayingpower,0,0,,
1392,test,stayingpower,0,0,,
1393,test,stayingpower,1,1,,
1394,test,stayingpower,0,0,,
1395,test,stayingpower,0,0,,
1396,test,stayingpower,2,0,,
1397,test,stayingpower,0,0,,
1398,test,stayingpower,2,2,,
1399,test,stayingpower,0,0,,
1400,test,stayingpower,0,0,,
1401,test,stayingpower,3,2,,
1402,test,stayingpower,0,0,,
1403,test,stayingpower,0,0,,
1404,test,stayingpower,0,0,,
1405,test,stayingpower,0,0,,
1406,test,stayingpower,0,0,,
1407,test,stayingpower,0,0,,
1408,test,stayingpower,0,0,,
1409,test,stayingpower,0,0,,
1410,test,stayingpower,0,0,,
1411,test,stayingpower,0,0,,
1412,test,stayingpower,0,0,,
1413,test,stayingpower,0,0,,
1414,test,stayingpower,0,0,,
1415,test,stayingpower,0,0,,
1416,test,stayingpower,3,0,,
1417,test,stayingpower,0,0,,
1418,test,stayingpower,0,0,,
1419,test,stayingpower,0,0,,
1420,test,stayingpower,0,0,,
1421,test,stayingpower,0,0,,
1422,test,stayingpower,0,0,,
1423,test,stayingpower,0,0,,
1424,test,stayingpower,0,0,,
1425,test,stayingpower,0,0,,
1426,test,stayingpower,0,0,,
1427,test,stayingpower,0,0,,
1428,test,stayingpower,2,0,,
1429,test,stayingpower,0,0,,
1430,test,stayingpower,3,2,,
1431,test,stayingpower,0,0,,
1432,test,stayingpower,0,0,,
1433,test,stayingpower,0,0,,
1434,test,stayingpower,0,0,,
1435,test,stayingpower,0,0,,
1436,test,stayingpower,1,1,,
1437,test,stayingpower,0,0,,
1438,test,stayingpower,0,0,,
1439,test,stayingpower,0,0,,
1440,test,stayingpower,0,0,,
1441,test,stayingpower,0,0,,
1442,test,stayingpower,0,0,,
1443,test,stayingpower,0,0,,
1444,test,stayingpower,0,0,,
1445,test,stayingpower,0,0,,
1446,test,stayingpower,0,0,,
1447,test,stayingpower,0,0,,
1448,test,stayingpower,0,0,,
1449,test,stayingpower,0,0,,
1450,test,stayingpower,0,0,,
1451,test,stayingpower,1,1,,
1452,test,stayingpower,0,0,,
1453,test,stayingpower,0,0,,
1454,test,stayingpower,0,0,,
1455,test,stayingpower,2,2,,
1456,test,stayingpower,0,0,,
1457,test,stayingpower,0,0,,
1458,test,stayingpower,0,0,,
1459,test,stayingpower,0,0,,
1460,test,stayingpower,0,0,,
1461,test,stayingpower,0,0,,
1462,test,stayingpower,0,0,,
1463,test,stayingpower,0,0,,
1464,test,stayingpower,0,0,,
1465,test,stayingpower,0,0,,
1466,test,stayingpower,0,0,,
1467,test,stayingpower,0,0,,
1468,test,stayingpower,0,0,,
1469,test,stayingpower,0,0,,
1470,test,stayingpower,0,0,,
1471,test,stayingpower,0,0,,
1472,test,stayingpower,0,0,,
1473,test,stayingpower,0,0,,
1474,test,stayingpower,0,0,,
1475,test,stayingpower,0,0,,
1476,test,stayingpower,0,0,,
1477,test,stayingpower,1,1,,
1478,test,stayingpower,2,2,,
1479,test,stayingpower,1,0,,
1480,test,stayingpower,1,1,,
1481,test,stayingpower,1,0,,
1482,test,stayingpower,0,0,,
1483,test,stayingpower,1,0,,
1484,test,stayingpower,3,0,,
1485,test,stayingpower,0,0,,
1486,test,stayingpower,0,0,,
1487,test,stayingpower,0,0,,
1488,test,stayingpower,0,0,,
1489,test,stayingpower,0,0,,
1490,test,stayingpower,2,0,,
1491,test,stayingpower,0,0,,
1492,test,stayingpower,0,0,,
1493,test,stayingpower,0,0,,
1494,test,stayingpower,1,1,,
1495,test,stayingpower,0,0,,
1496,test,stayingpower,0,0,,
1497,test,stayingpower,0,0,,
1498,test,stayingpower,0,0,,
1499,test,stayingpower,0,0,,
1500,test,stayingpower,0,0,,
1501,test,stayingpower,0,0,,
1502,test,stayingpower,1,1,,
1503,test,stayingpower,0,0,,
1504,test,stayingpower,0,0,,
1505,test,stayingpower,0,0,,
1506,test,stayingpower,2,2,,
1507,test,stayingpower,0,0,,
1508,test,stayingpower,0,0,,
1509,test,stayingpower,0,0,,
1510,test,stayingpower,1,1,,
1511,test,stayingpower,0,0,,
1512,test,stayingpower,0,0,,
1513,test,stayingpower,0,0,,
1514,test,stayingpower,1,1,,
1515,test,stayingpower,0,0,,
1516,test,stayingpower,0,0,,
1517,test,stayingpower,0,0,,
1518,test,stayingpower,0,0,,
1519,test,stayingpower,0,0,,
1520,test,stayingpower,0,0,,
1521,test,stayingpower,0,0,,
1522,test,stayingpower,0,0,,
1523,test,stayingpower,0,0,,
1524,test,stayingpower,2,0,,
1525,test,stayingpower,0,0,,
1526,test,stayingpower,0,0,,
1527,test,stayingpower,0,2,,
1528,test,stayingpower,0,0,,
1529,test,stayingpower,0,0,,
1530,test,stayingpower,0,0,,
1531,test,stayingpower,0,0,,
1532,test,stayingpower,0,0,,
1533,test,stayingpower,0,0,,
1534,test,stayingpower,0,0,,
1535,test,stayingpower,0,0,,
1536,test,stayingpower,3,0,,
1537,test,stayingpower,0,0,,
1538,test,stayingpower,0,0,,
1539,test,stayingpower,3,0,,
1540,test,stayingpower,0,0,,
1541,test,stayingpower,1,0,,
1542,test,stayingpower,0,0,,
1543,test,stayingpower,1,0,,
1544,test,stayingpower,0,0,,
1545,test,stayingpower,0,0,,
1546,test,stayingpower,0,0,,
1547,test,stayingpower,0,0,,
1548,test,stayingpower,0,0,,
1549,test,stayingpower,0,0,,
1550,test,stayingpower,0,0,,
1551,test,stayingpower,0,0,,
1552,test,stayingpower,0,0,,
1553,test,stayingpower,0,0,,
1554,test,stayingpower,1,0,,
1555,test,stayingpower,0,0,,
1556,test,stayingpower,0,0,,
1557,test,stayingpower,0,0,,
1558,test,stayingpower,0,0,,
1559,test,stayingpower,0,0,,
1560,test,stayingpower,0,0,,
1561,test,stayingpower,0,0,,
1562,test,stayingpower,2,2,,
1563,test,stayingpower,0,0,,
1564,test,stayingpower,0,0,,
1565,test,stayingpower,0,0,,
1566,test,stayingpower,0,0,,
1567,test,stayingpower,2,2,,
1568,test,stayingpower,0,0,,
1569,test,stayingpower,0,0,,
1570,test,stayingpower,0,0,,
1571,test,stayingpower,0,0,,
1572,test,stayingpower,0,0,,
1573,test,stayingpower,0,0,,
1574,test,stayingpower,0,0,,
1575,test,stayingpower,0,0,,
1576,test,stayingpower,0,0,,
1577,test,stayingpower,0,0,,
1578,test,stayingpower,0,0,,
1579,test,stayingpower,1,0,,
1580,test,stayingpower,1,0,,
1581,test,stayingpower,0,0,,
1582,test,stayingpower,0,0,,
1583,test,stayingpower,0,0,,
1584,test,stayingpower,0,0,,
1585,test,stayingpower,0,0,,
1586,test,stayingpower,0,0,,
1587,test,stayingpower,0,0,,
1588,test,stayingpower,0,0,,
1589,test,stayingpower,0,0,,
1590,test,stayingpower,0,0,,
1591,test,stayingpower,0,0,,
1592,test,stayingpower,0,0,,
1593,test,stayingpower,0,2,,
1594,test,stayingpower,0,0,,
1595,test,stayingpower,0,0,,
1596,test,stayingpower,0,0,,
1597,test,stayingpower,0,0,,
1598,test,stayingpower,0,0,,
1599,test,stayingpower,0,0,,
1600,test,stayingpower,0,0,,
1601,test,stayingpower,0,0,,
1602,test,stayingpower,0,0,,
1603,test,stayingpower,0,0,,
1604,test,stayingpower,1,0,,
1605,test,stayingpower,0,0,,
1606,test,stayingpower,0,0,,
1607,test,stayingpower,0,0,,
1608,test,stayingpower,0,0,,
1609,test,stayingpower,0,0,,
1610,test,stayingpower,0,0,,
1611,test,stayingpower,0,0,,
1612,test,stayingpower,0,0,,
1613,test,stayingpower,3,0,,
1614,test,stayingpower,0,0,,
1615,test,stayingpower,0,0,,
1616,test,stayingpower,0,0,,
1617,test,stayingpower,0,0,,
1618,test,stayingpower,0,0,,
1619,test,stayingpower,0,0,,
1620,test,stayingpower,0,0,,
1621,test,stayingpower,0,0,,
1622,test,stayingpower,0,0,,
