aspect,sentiment,qwen3-4b-instruct-2507 exp002 P,qwen3-4b-instruct-2507 exp002 R,qwen3-4b-instruct-2507 exp002 F1,qwen3-4b-instruct-2507 exp005 P,qwen3-4b-instruct-2507 exp005 R,qwen3-4b-instruct-2507 exp005 F1,exp008 P,exp008 R,exp008 F1,qwen3-0.6b exp001 P,qwen3-0.6b exp001 R,qwen3-0.6b exp001 F1,qwen2.5-0.5b-instruct exp001 P,qwen2.5-0.5b-instruct exp001 R,qwen2.5-0.5b-instruct exp001 F1,COT+0-shot P,COT+0-shot R,COT+0-shot F1,qwen3-4b-instruct-2507 exp003 P,qwen3-4b-instruct-2507 exp003 R,qwen3-4b-instruct-2507 exp003 F1,exp006 P,exp006 R,exp006 F1,exp009 P,exp009 R,exp009 F1,exp011 P,exp011 R,exp011 F1,exp012 P,exp012 R,exp012 F1,exp013 P,exp013 R,exp013 F1,exp017 P,exp017 R,exp017 F1,qwen3-0.6b exp004 P,qwen3-0.6b exp004 R,qwen3-0.6b exp004 F1,qwen3-0.6b exp002 P,qwen3-0.6b exp002 R,qwen3-0.6b exp002 F1,exp014 P,exp014 R,exp014 F1,exp015 P,exp015 R,exp015 F1,qwen2.5-0.5b-instruct exp002 P,qwen2.5-0.5b-instruct exp002 R,qwen2.5-0.5b-instruct exp002 F1,COT+1-shot P,COT+1-shot R,COT+1-shot F1,exp007 P,exp007 R,exp007 F1,qwen3-4b-instruct-2507 exp004 P,qwen3-4b-instruct-2507 exp004 R,qwen3-4b-instruct-2507 exp004 F1,exp010 P,exp010 R,exp010 F1,qwen3-0.6b exp003 P,qwen3-0.6b exp003 R,qwen3-0.6b exp003 F1,qwen2.5-0.5b-instruct exp003 P,qwen2.5-0.5b-instruct exp003 R,qwen2.5-0.5b-instruct exp003 F1,COT+5-shot P,COT+5-shot R,COT+5-shot F1,qwen3-4b-instruct-2507 exp001 P,qwen3-4b-instruct-2507 exp001 R,qwen3-4b-instruct-2507 exp001 F1,phobert-base-v2 exp001 P,phobert-base-v2 exp001 R,phobert-base-v2 exp001 F1,visobert exp001 P,visobert exp001 R,visobert exp001 F1,phobert-base-v2 exp002 P,phobert-base-v2 exp002 R,phobert-base-v2 exp002 F1,visobert exp002 P,visobert exp002 R,visobert exp002 F1,exp016 P,exp016 R,exp016 F1,phobert-base-v2 exp003 P,phobert-base-v2 exp003 R,phobert-base-v2 exp003 F1,visobert exp003 P,visobert exp003 R,visobert exp003 F1,visobert exp005 P,visobert exp005 R,visobert exp005 F1,phobert-base-v2 exp005 P,phobert-base-v2 exp005 R,phobert-base-v2 exp005 F1,visobert exp004 P,visobert exp004 R,visobert exp004 F1,phobert-base-v2 exp004 P,phobert-base-v2 exp004 R,phobert-base-v2 exp004 F1,vibert-base-cased exp001 P,vibert-base-cased exp001 R,vibert-base-cased exp001 F1,vibert-base-cased exp002 P,vibert-base-cased exp002 R,vibert-base-cased exp002 F1,cafebert exp001 P,cafebert exp001 R,cafebert exp001 F1,xlm-roberta-base exp002 P,xlm-roberta-base exp002 R,xlm-roberta-base exp002 F1,xlm-roberta-base exp001 P,xlm-roberta-base exp001 R,xlm-roberta-base exp001 F1,phobert-large exp002 P,phobert-large exp002 R,phobert-large exp002 F1,phobert-large exp001 P,phobert-large exp001 R,phobert-large exp001 F1
colour,negative,0.807,0.92,0.86,0.81,0.887,0.847,0.807,0.92,0.86,0.0,0.0,0.0,0.118,0.75,0.205,0.7778,1.0,0.875,0.857,1.0,0.923,0.857,0.941,0.897,0.86,1.0,0.925,0.83,0.886,0.857,0.767,0.958,0.852,0.776,1.0,0.874,0.86,0.881,0.871,1.0,0.5,0.667,0.0,0.0,0.0,0.844,0.931,0.885,0.772,0.917,0.838,0.0,0.0,0.0,0.75,1.0,0.8571,0.738,0.941,0.828,0.723,0.94,0.817,0.723,0.94,0.817,1.0,0.6,0.75,0.0,0.0,0.0,0.6667,1.0,0.8,0.841,0.712,0.771,0.0,0.0,0.0,0.606,0.426,0.5,0.703,0.963,0.812,0.627,0.87,0.729,,,,0.708,0.962,0.816,0.59,0.868,0.702,0.657,0.868,0.748,0.75,0.944,0.836,0.627,0.87,0.729,0.703,0.963,0.812,0.77,0.87,0.817,0.731,0.907,0.81,0.779,0.981,0.869,0.714,0.926,0.806,0.612,0.963,0.748,0.757,0.981,0.855,0.803,0.981,0.883
colour,positive,0.993,0.981,0.987,0.99,0.982,0.986,0.993,0.981,0.987,0.977,1.0,0.989,0.875,0.239,0.375,1.0,0.971,0.9853,1.0,0.987,0.994,0.995,0.986,0.991,1.0,0.987,0.994,0.991,0.986,0.989,0.996,0.974,0.985,1.0,0.969,0.984,0.991,0.989,0.99,0.958,1.0,0.979,0.981,1.0,0.99,0.996,0.99,0.993,0.993,0.978,0.986,0.971,0.971,0.971,1.0,0.9623,0.9808,0.995,0.972,0.983,0.995,0.968,0.981,0.995,0.968,0.981,0.99,1.0,0.995,1.0,1.0,1.0,1.0,0.9412,0.9697,0.976,0.989,0.982,0.923,1.0,0.96,0.956,0.978,0.967,0.997,0.964,0.98,0.988,0.954,0.971,,,,0.997,0.967,0.982,0.989,0.95,0.969,0.988,0.96,0.974,0.995,0.972,0.983,0.988,0.954,0.971,0.997,0.964,0.98,0.988,0.977,0.983,0.992,0.971,0.981,0.998,0.976,0.987,0.993,0.967,0.98,0.997,0.946,0.971,0.998,0.972,0.985,0.998,0.979,0.988
packing,negative,0.625,1.0,0.769,0.562,0.9,0.692,0.6,1.0,0.75,0.0,0.0,0.0,0.0,0.0,0.0,0.6667,1.0,0.8,0.6,1.0,0.75,0.643,1.0,0.783,0.625,1.0,0.769,0.643,1.0,0.783,0.588,1.0,0.741,0.556,1.0,0.714,0.375,1.0,0.545,1.0,1.0,1.0,0.0,0.0,0.0,0.714,1.0,0.833,0.714,1.0,0.833,0.0,0.0,0.0,0.6667,1.0,0.8,0.692,0.9,0.783,0.643,0.9,0.75,0.643,0.9,0.75,0.0,0.0,0.0,0.0,0.0,0.0,1.0,1.0,1.0,0.615,0.889,0.727,0.0,0.0,0.0,0.0,0.0,0.0,0.909,1.0,0.952,0.625,0.556,0.588,,,,0.857,1.0,0.923,0.333,0.833,0.476,0.833,0.556,0.667,0.9,0.9,0.9,0.625,0.556,0.588,0.909,1.0,0.952,0.667,0.444,0.533,0.385,0.556,0.455,0.9,0.9,0.9,0.667,0.75,0.706,0.889,0.889,0.889,0.75,0.9,0.818,0.9,0.9,0.9
packing,positive,1.0,0.978,0.989,0.996,0.975,0.985,1.0,0.978,0.989,1.0,0.944,0.971,1.0,0.283,0.441,1.0,0.9818,0.9908,1.0,0.978,0.989,1.0,0.982,0.991,1.0,0.978,0.989,1.0,0.982,0.991,1.0,0.975,0.987,1.0,0.97,0.985,1.0,0.966,0.983,1.0,1.0,1.0,1.0,1.0,1.0,1.0,0.985,0.993,1.0,0.986,0.993,1.0,0.875,0.933,1.0,0.9804,0.9901,0.996,0.986,0.991,0.996,0.982,0.989,0.996,0.982,0.989,1.0,0.98,0.99,1.0,1.0,1.0,1.0,1.0,1.0,0.996,0.982,0.989,0.968,1.0,0.984,0.969,1.0,0.984,1.0,0.996,0.998,0.986,0.989,0.987,,,,1.0,0.997,0.998,0.996,0.965,0.981,0.986,0.996,0.991,0.996,0.996,0.996,0.986,0.989,0.987,1.0,0.996,0.998,0.982,0.993,0.988,0.986,0.971,0.978,0.996,0.996,0.996,0.993,0.989,0.991,0.996,0.996,0.996,0.996,0.989,0.993,0.996,0.996,0.996
price,negative,0.154,1.0,0.267,0.278,1.0,0.435,0.154,1.0,0.267,0.0,0.0,0.0,0.0,0.0,0.0,0.0,0.0,0.0,0.5,0.75,0.6,0.375,1.0,0.545,0.5,0.75,0.6,0.182,1.0,0.308,0.429,1.0,0.6,0.091,1.0,0.167,0.0,0.0,0.0,0.0,0.0,0.0,0.0,0.0,0.0,0.19,1.0,0.32,0.333,1.0,0.5,0.0,0.0,0.0,0.0,0.0,0.0,0.3,1.0,0.462,0.286,1.0,0.444,0.333,1.0,0.5,0.0,0.0,0.0,0.0,0.0,0.0,0.0,0.0,0.0,0.375,0.6,0.462,0.0,0.0,0.0,0.0,0.0,0.0,0.0,0.0,0.0,0.0,0.0,0.0,0.25,1.0,0.4,0.0,0.0,0.0,0.0,0.0,0.0,0.0,0.0,0.0,0.0,0.0,0.0,0.0,0.0,0.0,0.0,0.0,0.0,0.0,0.0,0.0,0.0,0.0,0.0,0.0,0.0,0.0,0.0,0.0,0.0,0.0,0.0,0.0,0.0,0.0,0.0,0.0,0.0,0.0
price,positive,1.0,0.962,0.981,1.0,0.958,0.979,1.0,0.962,0.981,1.0,0.971,0.986,1.0,0.321,0.486,1.0,0.9722,0.9859,0.996,0.989,0.992,1.0,0.982,0.991,0.996,0.989,0.992,1.0,0.968,0.983,1.0,0.984,0.992,1.0,0.949,0.974,1.0,0.984,0.992,1.0,1.0,1.0,1.0,1.0,1.0,1.0,0.936,0.967,1.0,0.976,0.988,0.933,0.933,0.933,1.0,1.0,1.0,1.0,0.973,0.987,1.0,0.981,0.99,1.0,0.984,0.992,1.0,0.947,0.973,1.0,1.0,1.0,1.0,1.0,1.0,0.994,0.984,0.989,0.984,1.0,0.992,0.984,1.0,0.992,0.981,1.0,0.991,0.984,1.0,0.992,1.0,0.959,0.979,1.0,1.0,1.0,1.0,1.0,1.0,0.984,1.0,0.992,0.981,1.0,0.991,0.984,1.0,0.992,0.981,1.0,0.991,0.981,1.0,0.991,0.981,1.0,0.991,0.985,1.0,0.992,0.984,1.0,0.992,0.984,1.0,0.992,0.981,1.0,0.991,0.981,1.0,0.991
shipping,negative,0.957,0.969,0.963,0.975,0.969,0.972,0.957,0.969,0.963,0.5,0.5,0.5,0.246,0.609,0.35,1.0,1.0,1.0,0.981,0.975,0.978,0.981,0.963,0.972,0.981,0.981,0.981,0.979,0.979,0.979,0.958,0.988,0.972,0.975,0.994,0.984,0.982,0.982,0.982,0.0,0.0,0.0,0.0,0.0,0.0,0.979,0.986,0.982,0.975,0.964,0.97,0.0,0.0,0.0,0.963,1.0,0.9811,0.969,0.934,0.951,0.97,0.964,0.967,0.97,0.97,0.97,0.0,0.0,0.0,0.0,0.0,0.0,0.963,0.9286,0.9455,0.993,0.854,0.918,0.976,0.97,0.973,0.949,0.971,0.96,0.96,0.983,0.971,0.919,1.0,0.958,,,,0.989,0.973,0.981,0.933,0.973,0.952,0.919,0.994,0.955,0.96,0.988,0.974,0.919,1.0,0.958,0.96,0.983,0.971,0.898,0.982,0.938,0.893,0.982,0.936,0.961,0.988,0.974,0.96,0.994,0.977,0.929,0.988,0.958,0.949,0.988,0.968,0.95,0.988,0.969
shipping,positive,0.984,0.978,0.981,0.985,0.988,0.986,0.984,0.978,0.981,0.957,0.957,0.957,0.571,0.218,0.316,1.0,1.0,1.0,0.987,0.99,0.989,0.981,0.991,0.986,0.99,0.99,0.99,0.99,0.99,0.99,0.993,0.977,0.985,0.996,0.985,0.991,0.991,0.991,0.991,1.0,1.0,1.0,0.875,1.0,0.933,0.993,0.99,0.992,0.981,0.988,0.985,0.833,0.909,0.87,1.0,0.9844,0.9921,0.966,0.984,0.975,0.981,0.984,0.983,0.984,0.984,0.984,0.948,1.0,0.974,1.0,1.0,1.0,0.9688,0.9841,0.9474,0.935,0.997,0.965,0.985,0.988,0.986,0.984,0.972,0.978,0.991,0.979,0.985,1.0,0.953,0.976,,,,0.986,0.994,0.99,0.985,0.962,0.974,0.997,0.954,0.975,0.994,0.979,0.986,1.0,0.953,0.976,0.991,0.979,0.985,0.99,0.942,0.965,0.99,0.939,0.964,0.994,0.979,0.986,0.997,0.979,0.988,0.994,0.961,0.977,0.994,0.973,0.983,0.994,0.972,0.983
smell,negative,0.804,0.957,0.874,0.807,1.0,0.893,0.804,0.957,0.874,0.421,0.615,0.5,0.132,0.333,0.189,0.6667,0.6667,0.6667,0.875,0.977,0.923,0.804,0.957,0.874,0.894,0.977,0.933,0.932,0.953,0.943,0.782,0.935,0.851,0.738,1.0,0.849,0.891,0.961,0.925,0.0,0.0,0.0,0.0,0.0,0.0,0.909,0.976,0.941,0.816,0.93,0.87,0.5,0.25,0.333,0.5,1.0,0.6667,0.83,0.936,0.88,0.843,0.977,0.905,0.846,0.978,0.907,0.5,0.429,0.462,0.0,0.0,0.0,0.5,0.5,0.5,0.891,0.872,0.882,0.0,0.0,0.0,0.81,0.708,0.756,0.81,0.979,0.887,0.742,0.958,0.836,,,,0.907,0.942,0.925,0.814,0.941,0.873,0.793,0.958,0.868,0.807,0.958,0.876,0.742,0.958,0.836,0.81,0.979,0.887,0.73,0.958,0.829,0.682,0.938,0.789,0.833,0.938,0.882,0.807,0.958,0.876,0.763,0.938,0.841,0.855,0.979,0.913,0.77,0.979,0.862
smell,positive,0.991,0.952,0.971,1.0,0.954,0.977,0.991,0.952,0.971,0.914,0.828,0.869,0.655,0.365,0.469,0.9706,0.9706,0.9706,0.995,0.969,0.981,0.99,0.949,0.969,0.995,0.974,0.984,0.991,0.986,0.989,0.984,0.94,0.962,1.0,0.882,0.938,0.988,0.965,0.977,0.833,0.833,0.833,0.75,1.0,0.857,0.995,0.98,0.988,0.986,0.959,0.973,0.9,0.964,0.931,1.0,0.96,0.9706,0.987,0.961,0.974,0.994,0.957,0.975,0.994,0.957,0.975,0.939,0.954,0.947,0.94,1.0,0.969,0.9615,0.9615,0.9615,0.975,0.979,0.977,0.845,1.0,0.916,0.944,0.967,0.955,0.996,0.955,0.975,0.991,0.934,0.962,,,,0.987,0.979,0.983,0.987,0.953,0.97,0.991,0.951,0.971,0.992,0.956,0.973,0.991,0.934,0.962,0.996,0.955,0.975,0.991,0.932,0.961,0.987,0.916,0.95,0.988,0.964,0.976,0.992,0.955,0.973,0.987,0.943,0.964,0.996,0.967,0.981,0.996,0.942,0.968
stayingpower,negative,0.981,0.964,0.972,0.921,0.946,0.933,0.981,0.981,0.981,0.0,0.0,0.0,0.205,0.727,0.32,1.0,1.0,1.0,0.938,0.987,0.962,0.875,0.972,0.921,0.938,0.987,0.962,0.958,0.986,0.972,0.9,0.986,0.941,0.696,0.986,0.816,0.886,0.969,0.925,0.0,0.0,0.0,0.0,0.0,0.0,0.934,0.986,0.959,0.958,0.971,0.965,0.0,0.0,0.0,0.8,1.0,0.8889,0.918,0.957,0.937,0.956,0.985,0.97,0.956,0.985,0.97,0.0,0.0,0.0,0.0,0.0,0.0,0.8,1.0,0.8889,0.972,0.805,0.881,1.0,0.027,0.053,0.908,0.84,0.873,0.858,0.978,0.915,0.877,0.979,0.925,,,,0.827,0.966,0.891,0.743,0.944,0.832,0.918,0.957,0.938,0.968,0.968,0.968,0.877,0.979,0.925,0.858,0.978,0.915,0.82,0.968,0.888,0.867,0.968,0.915,0.968,0.968,0.968,0.833,0.957,0.891,0.796,0.957,0.87,0.957,0.968,0.963,0.857,0.957,0.905
stayingpower,positive,0.976,0.988,0.982,0.963,0.945,0.954,0.988,0.988,0.988,0.667,1.0,0.8,0.769,0.244,0.37,1.0,1.0,1.0,0.987,0.937,0.961,0.975,0.886,0.929,0.987,0.937,0.961,0.986,0.959,0.973,0.985,0.889,0.934,0.977,0.575,0.724,0.974,0.904,0.938,1.0,1.0,1.0,0.667,1.0,0.8,0.983,0.921,0.951,0.975,0.963,0.969,0.645,1.0,0.784,1.0,0.9231,0.96,0.968,0.938,0.953,0.988,0.965,0.976,0.988,0.965,0.976,0.8,1.0,0.889,0.791,1.0,0.883,1.0,0.9,0.9474,0.88,0.984,0.929,0.644,1.0,0.783,0.896,0.942,0.918,0.984,0.892,0.936,0.984,0.904,0.943,,,,0.976,0.871,0.921,0.957,0.793,0.867,0.97,0.941,0.955,0.978,0.978,0.978,0.984,0.904,0.943,0.984,0.892,0.936,0.975,0.855,0.911,0.977,0.899,0.936,0.979,0.979,0.979,0.966,0.865,0.913,0.965,0.828,0.892,0.978,0.971,0.975,0.969,0.892,0.929
texture,negative,0.909,0.984,0.945,0.89,0.973,0.93,0.91,0.984,0.946,0.0,0.0,0.0,0.13,0.75,0.222,1.0,0.7692,0.8696,0.899,0.986,0.94,0.872,0.949,0.909,0.887,0.986,0.934,0.98,0.831,0.899,0.874,1.0,0.933,0.755,0.986,0.855,0.836,0.966,0.896,1.0,0.5,0.667,0.0,0.0,0.0,0.87,0.957,0.912,0.931,0.971,0.95,0.0,0.0,0.0,1.0,1.0,1.0,0.871,0.937,0.902,0.877,0.947,0.91,0.877,0.947,0.91,0.5,0.25,0.333,0.0,0.0,0.0,1.0,1.0,1.0,0.98,0.623,0.762,0.0,0.0,0.0,0.884,0.836,0.859,0.832,0.963,0.893,0.788,0.963,0.867,,,,0.8,0.947,0.867,0.724,0.959,0.826,0.826,0.95,0.884,0.909,0.964,0.936,0.788,0.963,0.867,0.832,0.963,0.893,0.765,0.926,0.838,0.757,0.963,0.848,0.871,0.976,0.92,0.916,0.938,0.927,0.812,0.94,0.872,0.951,0.951,0.951,0.842,0.976,0.904
texture,positive,0.996,0.975,0.985,0.993,0.969,0.981,0.996,0.975,0.985,0.917,0.846,0.88,0.895,0.298,0.447,0.9268,1.0,0.962,0.996,0.967,0.981,0.985,0.96,0.973,0.996,0.963,0.979,0.962,0.996,0.979,1.0,0.955,0.977,0.995,0.889,0.939,0.991,0.952,0.971,0.889,1.0,0.941,1.0,1.0,1.0,0.987,0.957,0.972,0.993,0.982,0.988,0.922,0.94,0.931,1.0,1.0,1.0,0.983,0.964,0.974,0.985,0.964,0.975,0.985,0.964,0.975,0.966,0.988,0.977,0.927,1.0,0.962,1.0,1.0,1.0,0.918,0.997,0.956,0.839,1.0,0.912,0.965,0.976,0.971,0.991,0.954,0.972,0.991,0.938,0.964,,,,0.987,0.943,0.965,0.99,0.913,0.95,0.988,0.953,0.97,0.991,0.977,0.984,0.991,0.938,0.964,0.991,0.954,0.972,0.981,0.932,0.956,0.991,0.926,0.957,0.994,0.965,0.979,0.985,0.979,0.982,0.985,0.947,0.965,0.988,0.988,0.988,0.994,0.956,0.975
